,,,,,,,,,,,,,,,,
Players,RK,Team,BYE,POS,%Play,Comp%,Comp,ATT,YPA,Yards,TDs,Ints,Att,Rush,TDs,
Arizona Passing,,ARI,12,QB,100.00,67%,393.2,584.8,7.6,4438.0,31.17,12.00,135,808,8.00,
Kyler Murray,1,ARI,12,QB,0.96,67%,377.4,561.4,7.6,4293.9,31.00,11.00,135,808,8.00,
Colt McCoy,2,ARI,12,QB,0.04,62%,14.5,23.4,6.8,159.1,1.25,0.48,0,0,0.00,
,,,,,,,,,,,,,,,,
Players,RK,Team,BYE,POS,% ATT,ATT,YPA,YPAA,Rush,TDs,%Ctch,Catch,YPC,YPCA,REC,TDs
Arizona Rushing,,ARI,12,RB,100,499.32,4.7,4.3,2471.4,20.0,0.21,82.57,7.3,7.4,606,4.0
James Conner,1,ARI,12,RB,0.42,209.71,4.2,4.1,858.5,7.0,0.33,27.25,7.2,6.6,180,1.0
Chase Edmonds,2,ARI,12,RB,0.25,124.83,4.4,4.3,536.0,4.0,0.67,55.32,8.3,7.7,426,3.0
Eno Benjamin,3,ARI,12,RB,0.03,14.98,4.2,4.1,61.3,0.0,0.00,0.00,7.8,7.2,0,0.0
Jonathan Ward,4,ARI,12,RB,0.00,0.00,3.9,3.8,0.0,0.0,0.00,0.00,7.5,6.9,0,0.0
Kyler Murray,,ARI,12,QB,0.27,134.82,6.1,6.0,808.0,8.0,,,,,,
,,,,,,,,,,,,,,,,
Players,RK,Team,BYE,POS,% ATT,ATT,YPA,YPAA,Rush,TDs,%Ctch,Catch,YPC,YPCA,REC,TDs
Arizona Rec WR,,ARI,12,WR,0.05,26.99,7.7,4.3,207.7,1.1,0.71,279.15,12.5,12.6,3489,24.0
DeAndre Hopkins,1,ARI,12,WR,0.00,0.00,4.5,4.4,0.0,0.0,0.43,120.03,12.2,11.9,1426,9.0
Christian Kirk,2,ARI,12,WR,0.02,9.00,7.2,7.1,63.8,0.0,0.18,50.25,12.5,12.2,612,5.0
Rondale Moore,3,ARI,12,WR,0.04,18.00,8.1,8.0,143.8,1.0,0.23,64.20,13.5,13.2,846,5.0
A.J. Green,4,ARI,12,WR,0.00,0.00,13.1,13.0,0.0,0.0,0.12,33.50,13.0,12.7,425,4.0
Andy Isabella,5,ARI,12,WR,0.00,0.00,6.1,6.0,0.0,0.0,0.04,11.17,16.4,16.1,180,1.0
,,,,,,,,,,,,,,,,
Players,RK,Team,BYE,POS,% ATT,ATT,YPA,YPAA,Rush,TDs,%Ctch,Catch,YPC,YPCA,REC,TDs
Arizona REC TE,,ARI,12,TE,0.00,0.00,0.0,4.3,0.0,0.0,0.08,31.45,10.9,10.8,344,4.0
Maxx Williams,1,ARI,12,TE,0.00,0.00,8.0,7.9,0.0,0.0,0.65,20.44,12.1,11.5,235,3.0
Darrell Daniels,2,ARI,12,TE,0.00,0.00,8.0,7.9,0.0,0.0,0.35,11.01,10.5,9.9,109,1.0
,,,,,,,,,,,,,,,,
,,,,,,,,,,,,,,,,
Players,RK,Team,BYE,POS,%Play,Comp%,Comp,ATT,YPA,Yards,TDs,Ints,Att,Rush,TDs,
Atlanta Passing,,ATL,6,QB,100.00,65%,397.3,609.5,6.7,4062.3,24.98,13.00,32,122,1.00,
Matt Ryan,1,ATL,6,QB,0.98,65%,389.3,597.3,6.7,4001.4,25.00,13.00,32,122,1.00,
Josh Rosen,2,ATL,6,QB,0.02,63%,7.7,12.2,7.5,91.4,0.50,0.26,0,0,0.00,
,,,,,,,,,,,,,,,,
Players,RK,Team,BYE,POS,% ATT,ATT,YPA,YPAA,Rush,TDs,%Ctch,Catch,YPC,YPCA,REC,TDs
Atlanta Rushing,,ATL,6,RB,100,400.32,3.9,4.3,1567.8,12.0,0.19,75.49,4.2,7.4,317,2.0
Mike Davis,1,ATL,6,RB,0.45,180.14,3.6,3.5,648.5,6.0,0.55,41.52,6.1,5.5,228,1.0
Wayne Gallman,2,ATL,6,RB,0.3,120.10,4.1,4.0,492.4,3.0,0.15,11.32,7.2,6.6,75,0.0
Caleb Huntley,3,ATL,6,RB,0.09,36.03,4.1,4.0,147.7,1.0,0.03,2.26,6.8,6.2,14,0.0
Cordarrelle Patterson,4,ATL,6,RB,0.08,32.03,4.3,4.2,137.7,1.0,0.27,20.38,7.4,6.8,139,1.0
Matt Ryan,,ATL,6,QB,0.08,32.03,3.8,3.7,121.7,1.0,,,,,,
,,,,,,,,,,,,,,,,
Players,RK,Team,BYE,POS,% ATT,ATT,YPA,YPAA,Rush,TDs,%Ctch,Catch,YPC,YPCA,REC,TDs
Atlanta REC WR,,ATL,6,WR,0.01,3.00,6.6,4.3,19.8,0.1,0.51,202.62,12.0,12.6,2437,13.0
Calvin Ridley,1,ATL,6,WR,0.00,1.00,8.2,8.1,8.1,0.0,0.50,101.31,14.0,13.7,1386,9.0
Russell Gage,2,ATL,6,WR,0.00,1.00,6.7,6.6,6.6,0.0,0.38,77.00,10.2,9.9,761,3.0
Olamide Zaccheaus,3,ATL,6,WR,0.00,1.00,5.2,5.1,5.1,0.0,0.10,20.26,12.2,11.9,241,1.0
Tajae Sharpe,4,ATL,6,WR,0.00,0.00,9.8,9.7,0.0,0.0,0.02,4.05,12.7,12.4,50,0.0
Frank Darby,5,ATL,6,WR,0.00,0.00,8.5,8.4,0.0,0.0,0.00,0.00,10.7,10.4,0,0.0
,,,,,,,,,,,,,,,,
Players,RK,Team,BYE,POS,% ATT,ATT,YPA,YPAA,Rush,TDs,%Ctch,Catch,YPC,YPCA,REC,TDs
Atlanta REC TE,,ATL,6,TE,0.00,0.00,0.0,4.3,0.0,0.0,0.30,119.19,11.0,10.8,1308,9.0
Kyle Pitts,1,ATL,6,TE,0.00,0.00,8.0,7.9,0.0,0.0,0.58,69.13,12.3,11.7,808,6.0
Hayden Hurst,2,ATL,6,TE,0.00,0.00,8.0,7.9,0.0,0.0,0.42,50.06,10.6,10.0,500,3.0
,,,,,,,,,,,,,,,,
,,,,,,,,,,,,,,,,
Players,RK,Team,BYE,POS,%Play,Comp%,Comp,ATT,YPA,Yards,TDs,Ints,Att,Rush,TDs,
Baltimore Passing,,BAL,8,QB,100.00,66%,306.5,461.0,7.7,3565.1,31.17,10.00,153,869,8.00,
Lamar Jackson,1,BAL,8,QB,0.96,66%,294.3,442.6,7.7,3407.3,31.00,9.00,153,869,8.00,
Trace McSorley,2,BAL,8,QB,0.04,63%,11.6,18.4,7.0,129.1,1.00,0.40,0,0,0.00,
,,,,,,,,,,,,,,,,
Players,RK,Team,BYE,POS,% ATT,ATT,YPA,YPAA,Rush,TDs,%Ctch,Catch,YPC,YPCA,REC,TDs
Baltimore Rushing,,BAL,8,RB,100,565.32,4.7,4.3,2691.2,25.0,0.16,49.05,7.5,7.4,367,2.0
Gus Edwards,1,BAL,8,RB,0.46,260.05,4.7,4.6,1194.5,13.0,0.32,15.69,8.3,7.7,121,1.0
Ty'Son Williams,2,BAL,8,RB,0.14,79.14,4.2,4.1,324.0,2.0,0.11,5.40,8.3,7.7,42,0.0
Le'Veon Bell,3,BAL,8,RB,0.13,73.49,4.0,3.9,286.1,2.0,0.58,28.45,7.5,7.2,205,1.0
Nate McCrary,4,BAL,8,RB,0.00,0.00,4.2,4.1,0.0,0.0,0.00,0.00,6.8,6.2,0,0.0
Lamar Jackson,,BAL,8,QB,0.27,152.64,5.8,5.7,869.0,8.0,,,,,,
,,,,,,,,,,,,,,,,
Players,RK,Team,BYE,POS,% ATT,ATT,YPA,YPAA,Rush,TDs,%Ctch,Catch,YPC,YPCA,REC,TDs
Baltimore REC WR,,BAL,8,WR,0.01,2.00,8.7,4.3,17.5,0.2,0.51,156.34,12.7,12.6,1984,18.0
Marquise Brown,1,BAL,8,WR,0.00,1.00,11.2,11.1,11.1,0.0,0.42,65.66,14.0,13.7,898,8.0
Sammy Watkins,2,BAL,8,WR,0.00,1.00,6.5,6.4,6.4,0.0,0.25,39.08,11.2,10.9,425,4.0
Rashod Bateman,3,BAL,8,WR,0.00,0.00,10.5,10.4,0.0,0.0,0.16,25.01,13.2,12.9,322,3.0
Miles Boykin,4,BAL,8,WR,0.00,0.00,7.1,7.0,0.0,0.0,0.06,9.38,11.9,11.6,109,1.6
Devin Duvernay,5,BAL,8,WR,0.00,0.00,6.7,6.6,0.0,0.0,0.11,17.20,13.7,13.4,230,1.4
,,,,,,,,,,,,,,,,
Players,RK,Team,BYE,POS,% ATT,ATT,YPA,YPAA,Rush,TDs,%Ctch,Catch,YPC,YPCA,REC,TDs
Baltimore REC TE,,BAL,8,TE,0.00,0.00,0.0,4.3,0.0,0.0,0.33,101.16,12.00,10.79,1214,10.0
Mark Andrews,1,BAL,8,TE,0.00,0.00,8.0,7.9,0.0,0.0,0.79,79.92,12.50,12.50,999,8.0
Josh Oliver,2,BAL,8,TE,0.00,0.00,8.0,7.9,0.0,0.0,0.21,21.24,10.10,10.10,215,1.9
,,,,,,,,,,,,,,,,
,,,,,,,,,,,,,,,,
Players,RK,Team,BYE,POS,%Play,Comp%,Comp,ATT,YPA,Yards,TDs,Ints,Att,Rush,TDs,
Buffalo Passing,,BUF,7,QB,100.00,67%,384.9,576.5,7.6,4355.1,31.17,12.00,108,482,8.00,
Josh Allen,1,BUF,7,QB,0.96,67%,369.5,553.5,7.5,4150.3,31.00,11.00,104,457,8.00,
Mitchell Trubisky,2,BUF,7,QB,0.04,63%,14.5,23.1,7.0,174.2,1.25,0.48,4,25,0.00,
,,,,,,,,,,,,,,,,
Players,RK,Team,BYE,POS,% ATT,ATT,YPA,YPAA,Rush,TDs,%Ctch,Catch,YPC,YPCA,REC,TDs
Buffalo Rushing,,BUF,7,RB,100,433.32,4.2,4.3,1841.8,16.0,0.15,57.74,6.7,7.4,384,2.0
Devin Singletary,1,BUF,7,RB,0.3,130.00,4.4,4.3,558.1,2.0,0.55,31.76,7.2,6.6,210,1.0
Zack Moss,2,BUF,7,RB,0.4,173.33,4.2,4.1,709.5,6.0,0.34,19.63,7.0,6.4,126,1.0
Matt Breida,3,BUF,7,RB,0.06,26.00,4.4,4.3,111.6,0.0,0.11,6.35,8.3,7.7,49,0.0
Taiwan Jones,4,BUF,7,RB,0.00,0.00,3.8,3.7,0.0,0.0,0.00,0.00,7.0,6.4,0,0.0
Josh Allen,,BUF,7,QB,0.24,104.00,4.5,4.4,456.9,8.0,,,,,,
,,,,,,,,,,,,,,,,
Players,RK,Team,BYE,POS,% ATT,ATT,YPA,YPAA,Rush,TDs,%Ctch,Catch,YPC,YPCA,REC,TDs
Buffalo REC WR,,BUF,7,WR,0.00,1.00,5.6,4.3,5.6,0.0,0.75,288.69,12.3,12.6,3553,24.0
Stefon Diggs,1,BUF,7,WR,0.00,1.00,5.7,5.6,5.6,0.0,0.37,106.81,12.3,12.0,1280,9.0
Emmanuel Sanders,2,BUF,7,WR,0.00,0.00,4.4,4.3,0.0,0.0,0.14,40.42,12.0,11.7,472,3.0
Cole Beasley,3,BUF,7,WR,0.00,0.00,6.0,5.9,0.0,0.0,0.23,66.40,11.6,11.3,749,4.0
Gabriel Davis,4,BUF,7,WR,0.00,0.00,6.0,5.9,0.0,0.0,0.21,60.62,15.5,15.2,920,8.0
Isaiah McKenzie,5,BUF,7,WR,0.00,0.00,7.7,7.6,0.0,0.0,0.05,14.43,9.5,9.2,133,0.0
,,,,,,,,,,,,,,,,
Players,RK,Team,BYE,POS,% ATT,ATT,YPA,YPAA,Rush,TDs,%Ctch,Catch,YPC,YPCA,REC,TDs
Buffalo REC TE,,BUF,7,TE,0.00,0.00,0.0,4.3,0.0,0.0,0.10,38.49,10.8,10.8,417,6.0
Dawson Knox,1,BUF,7,TE,0.00,0.00,8.0,7.9,0.0,0.0,0.72,27.71,12.3,11.7,324,5.0
Tommy Sweeney,2,BUF,7,TE,0.00,0.00,8.0,7.9,0.0,0.0,0.28,10.78,9.3,8.7,94,1.0
,,,,,,,,,,,,,,,,
,,,,,,,,,,,,,,,,
Players,RK,Team,BYE,POS,%Play,Comp%,Comp,ATT,YPA,Yards,TDs,Ints,Att,Rush,TDs,
Carolina Passing,,CAR,13,QB,100.00,68%,372.5,547.6,7.7,4197.3,22.92,16.00,60,198,2.00,
Sam Darnold,1,CAR,13,QB,0.95,68%,353.9,520.3,7.7,4005.4,23.00,15.00,60,198,2.00,
P.J. Walker,2,CAR,13,QB,0.05,57%,15.6,27.4,7.0,191.7,1.15,0.80,0,0,0.00,
,,,,,,,,,,,,,,,,
Players,RK,Team,BYE,POS,% ATT,ATT,YPA,YPAA,Rush,TDs,%Ctch,Catch,YPC,YPCA,REC,TDs
Carolina Rushing,,CAR,13,RB,100,400.32,4.2,4.3,1706.5,16.0,0.30,111.76,8.1,7.4,905,5.0
Christian McCaffrey,1,CAR,13,RB,0.70,280.22,4.5,4.4,1231.2,12.0,0.92,102.82,8.8,8.2,843,5.0
Chuba Hubbard,2,CAR,13,RB,0.11,44.04,4.2,4.1,180.3,2.0,0.08,8.94,7.5,6.9,62,0.0
Royce Freeman,3,CAR,13,RB,0.04,16.01,4.1,4.0,63.9,0.0,0.00,0.00,7.1,6.5,0,0.0
Rodney Smith,4,CAR,13,RB,0.00,0.00,3.8,3.7,0.0,0.0,0.00,0.00,7.8,7.2,0,0.0
Sam Darnold,,CAR,13,QB,0.15,60.05,3.4,3.3,197.8,2.0,,,,,,
,,,,,,,,,,,,,,,,
Players,RK,Team,BYE,POS,% ATT,ATT,YPA,YPAA,Rush,TDs,%Ctch,Catch,YPC,YPCA,REC,TDs
Carolina REC WR,,CAR,13,WR,0.01,5.00,6.7,4.3,33.4,0.2,0.60,223.53,13.0,12.6,2909,15.0
D.J. Moore,1,CAR,13,WR,0.01,2.00,7.8,7.7,15.4,0.0,0.41,91.65,13.9,13.6,1245,5.0
Robby Anderson,2,CAR,13,WR,0.01,2.00,5.3,5.2,10.4,0.0,0.36,80.47,12.2,11.9,956,5.0
Terrace Marshall,3,CAR,13,WR,0.00,0.00,8.5,8.4,0.0,0.0,0.20,44.71,13.7,13.4,598,5.0
Brandon Zylstra,4,CAR,13,WR,0.00,1.00,7.7,7.6,7.6,0.0,0.04,8.94,12.7,12.4,111,0.0
Shi Smith,5,CAR,13,WR,0.00,0.00,6.2,6.1,0.0,0.0,0.00,0.00,10.9,10.6,0,0.0
,,,,,,,,,,,,,,,,
Players,RK,Team,BYE,POS,% ATT,ATT,YPA,YPAA,Rush,TDs,%Ctch,Catch,YPC,YPCA,REC,TDs
Carolina REC TE,,CAR,13,TE,0.00,0.00,0.0,4.3,0.0,0.0,0.10,37.25,10.3,10.8,383,3.0
Dan Arnold,1,CAR,13,TE,0.00,0.00,8.0,7.9,0.0,0.0,0.65,24.22,11.7,11.1,268,2.0
Ian Thomas,2,CAR,13,TE,0.00,0.00,8.0,7.9,0.0,0.0,0.35,13.04,9.4,8.8,115,1.0
,,,,,,,,,,,,,,,,
,,,,,,,,,,,,,,,,
Players,RK,Team,BYE,POS,%Play,Comp%,Comp,ATT,YPA,Yards,TDs,Ints,Att,Rush,TDs,
Chicago Passing,,CHI,10,QB,100.00,68%,380.8,560.0,6.9,3840.4,22.92,13.00,91,372,4.00,
Justin Fields,1,CHI,10,QB,0.90,68%,342.7,504.0,6.9,3502.3,22.00,12.00,91,372,4.00,
Andy Dalton,2,CHI,10,QB,0.10,63%,35.3,56.0,6.8,380.8,2.29,1.30,7,14,0.00,
,,,,,,,,,,,,,,,,
Players,RK,Team,BYE,POS,% ATT,ATT,YPA,YPAA,Rush,TDs,%Ctch,Catch,YPC,YPCA,REC,TDs
Chicago Rushing,,CHI,10,RB,100,433.32,4.1,4.3,1811.0,14.0,0.28,106.62,7.1,7.4,758,4.0
David Montgomery,1,CHI,10,RB,0.56,242.66,4.4,4.3,1041.9,8.0,0.60,63.97,8.0,7.4,473,2.0
Damien Williams,2,CHI,10,RB,0.13,56.33,4.1,4.0,225.0,2.0,0.25,26.66,7.0,6.4,171,1.0
Khalil Herbert,3,CHI,10,RB,0.05,21.67,4.2,4.1,88.7,0.0,0.05,5.33,6.8,6.2,33,0.0
Tarik Cohen,4,CHI,10,RB,0.06,14.56,4.3,4.2,61.1,0.0,0.10,10.66,8.2,7.6,81,1.0
Justin Fields,,CHI,10,QB,0.21,91.00,4.2,4.1,372.5,4.0,,,,,,
,,,,,,,,,,,,,,,,
Players,RK,Team,BYE,POS,% ATT,ATT,YPA,YPAA,Rush,TDs,%Ctch,Catch,YPC,YPCA,REC,TDs
Chicago REC WR,,CHI,10,WR,0.01,4.00,5.5,4.3,21.9,0.1,0.51,194.20,11.9,12.6,2315,12.0
Allen Robinson II,1,CHI,10,WR,0.00,0.00,5.6,5.5,0.0,0.0,0.49,95.16,12.0,11.7,1111,6.0
Darnell Mooney,2,CHI,10,WR,0.01,4.00,5.6,5.5,21.9,0.0,0.33,64.09,11.9,11.6,742,4.0
Damiere Byrd,3,CHI,10,WR,0.00,0.00,6.2,6.1,0.0,0.0,0.14,27.19,13.6,13.3,361,2.0
Breshard Perriman,4,CHI,10,WR,0.00,0.00,6.3,6.2,0.0,0.0,0.04,7.77,13.2,12.9,100,0.0
Marquise Goodwin,5,CHI,10,WR,0.00,0.00,5.6,5.5,0.0,0.0,0.00,0.00,13.7,13.4,0,0.0
,,,,,,,,,,,,,,,,
Players,RK,Team,BYE,POS,% ATT,ATT,YPA,YPAA,Rush,TDs,%Ctch,Catch,YPC,YPCA,REC,TDs
Chicago REC TE,,CHI,10,TE,0.00,0.00,0.0,4.3,0.0,0.0,0.21,79.97,9.6,10.8,767,7.0
Cole Kmet,1,CHI,10,TE,0.00,0.00,8.0,7.9,0.0,0.0,0.57,45.58,10.9,10.3,469,4.0
Jimmy Graham,2,CHI,10,TE,0.00,0.00,8.0,7.9,0.0,0.0,0.43,34.39,9.3,8.7,299,3.0
,,,,,,,,,,,,,,,,
,,,,,,,,,,,,,,,,
Players,RK,Team,BYE,POS,%Play,Comp%,Comp,ATT,YPA,Yards,TDs,Ints,Att,Rush,TDs,
Cincinatti Passing,,CIN,10,QB,100.00,68%,426.2,626.0,7.6,4753.3,31.17,11.00,60,198,3.00,
Joe Burrow,1,CIN,10,QB,0.97,68%,413.4,607.2,7.6,4644.7,31.00,10.00,60,198,3.00,
Brandon Allen,2,CIN,10,QB,0.03,60%,11.3,18.8,7.3,137.1,0.93,0.33,0,0,0.00,
,,,,,,,,,,,,,,,,
Players,RK,Team,BYE,POS,% ATT,ATT,YPA,YPAA,Rush,TDs,%Ctch,Catch,YPC,YPCA,REC,TDs
Cincinatti Rushing,,CIN,10,RB,100,400.32,4.0,4.3,1615.6,14.0,0.18,76.71,6.8,7.4,523,3.0
Joe Mixon,1,CIN,10,RB,0.60,240.19,4.3,4.2,1007.2,9.0,0.70,53.70,7.6,7.0,376,3.0
Samaje Perine,2,CIN,10,RB,0.13,52.04,4.0,3.9,202.6,1.0,0.12,9.21,6.5,5.9,54,0.0
Chris Evans,3,CIN,10,RB,0.12,48.04,3.9,3.8,182.2,1.0,0.18,13.81,7.3,6.7,93,0.0
Trayveon Williams,4,CIN,10,RB,0.00,0.00,4.3,4.2,0.0,0.0,0.00,0.00,7.1,6.5,0,0.0
Joe Burrow,,CIN,10,QB,0.15,60.05,3.4,3.3,197.8,3.0,,,,,,
,,,,,,,,,,,,,,,,
Players,RK,Team,BYE,POS,% ATT,ATT,YPA,YPAA,Rush,TDs,%Ctch,Catch,YPC,YPCA,REC,TDs
Cincinatti REC WR,,CIN,10,WR,0.01,4.00,6.4,4.3,25.6,0.1,0.70,298.32,12.6,12.6,3764,25.0
Ja'Marr Chase,1,CIN,10,WR,0.00,0.00,7.2,7.1,0.0,0.0,0.32,95.46,14.4,14.1,1344,10.0
Tee Higgins,3,CIN,10,WR,0.00,0.00,9.2,9.1,0.0,0.0,0.31,92.48,13.4,13.1,1210,9.0
Tyler Boyd,2,CIN,10,WR,0.01,4.00,6.5,6.4,25.6,0.0,0.29,86.51,11.0,10.7,924,5.0
Auden Tate,4,CIN,10,WR,0.00,0.00,7.7,7.6,0.0,0.0,0.08,23.87,12.3,12.0,286,1.0
Mike Thomas,5,CIN,10,WR,0.00,0.00,6.2,6.1,0.0,0.0,0.00,0.00,10.5,10.2,0,0.0
,,,,,,,,,,,,,,,,
Players,RK,Team,BYE,POS,% ATT,ATT,YPA,YPAA,Rush,TDs,%Ctch,Catch,YPC,YPC,REC,TDs
Cincinatti REC TE,,CIN,10,TE,0.00,0.00,0.0,4.3,0.0,0.0,0.12,51.14,9.1,10.8,467,3.0
Drew Sample,1,CIN,10,TE,0.00,0.00,8.0,7.9,0.0,0.0,0.58,29.66,9.2,8.6,255,2.0
C.J. Uzomah,2,CIN,10,TE,0.00,0.00,8.0,7.9,0.0,0.0,0.42,21.48,10.5,9.9,212,1.0
,,,,,,,,,,,,,,,,
,,,,,,,,,,,,,,,,
Players,RK,Team,BYE,POS,%Play,Comp%,Comp,ATT,YPA,Yards,TDs,Ints,Att,Rush,TDs,
Cleveland Passing,,CLE,13,QB,100.00,64%,347.8,543.5,7.0,3808.7,27.04,13.00,55,170,2.00,
Baker Mayfield,1,CLE,13,QB,0.97,64%,337.4,527.2,7.0,3689.9,27.00,12.00,55,170,2.00,
Case Keenum,2,CLE,13,QB,0.03,62%,10.1,16.3,7.1,115.8,0.81,0.39,0,0,0.00,
,,,,,,,,,,,,,,,,
Players,RK,Team,BYE,POS,% ATT,ATT,YPA,YPAA,Rush,TDs,%Ctch,Catch,YPC,YPCA,REC,TDs
Cleveland Rushing,,CLE,13,RB,100,499.32,4.8,4.3,2405.2,20.0,0.20,69.56,7.4,7.4,514,5.0
Nick Chubb,1,CLE,13,RB,0.59,294.60,5.2,5.1,1500.5,13.0,0.25,17.39,8.3,7.7,134,1.0
Kareem Hunt,2,CLE,13,RB,0.30,149.80,4.4,4.3,643.1,5.0,0.70,48.69,7.9,7.3,355,4.0
D'Ernest Johnson,3,CLE,13,RB,0.03,14.98,4.3,4.2,62.8,0.0,0.05,3.48,7.7,7.1,25,0.0
Demetric Felton,4,CLE,13,RB,0.00,0.00,4.0,3.9,0.0,0.0,0.00,0.00,8.1,7.5,0,0.0
Baker Mayfield,,CLE,13,QB,0.11,54.93,3.2,3.1,169.9,2.0,,,,,,
,,,,,,,,,,,,,,,,
Players,RK,Team,BYE,POS,% ATT,ATT,YPA,YPAA,Rush,TDs,%Ctch,Catch,YPC,YPCA,REC,TDs
Cleveland REC WR,,CLE,13,WR,0.01,4.00,7.2,4.3,28.8,0.2,0.55,191.29,12.9,12.6,2458,14.0
Odell Beckham Jr.,1,CLE,13,WR,0.00,0.00,6.8,6.7,0.0,0.0,0.38,72.69,13.7,13.4,973,6.0
Jarvis Landry,2,CLE,13,WR,0.01,4.00,7.3,7.2,28.8,0.0,0.41,78.43,11.9,11.6,908,5.0
Rashard Higgins,3,CLE,13,WR,0.00,0.00,6.2,6.1,0.0,0.0,0.09,17.22,14.3,14.0,241,1.0
Donovan Peoples-Jones,4,CLE,13,WR,0.00,0.00,6.2,6.1,0.0,0.0,0.12,22.95,15.0,14.7,337,2.0
Anthony Schwartz,5,CLE,13,WR,0.00,0.00,6.2,6.1,0.0,0.0,0.00,0.00,11.7,11.4,0,0.0
,,,,,,,,,,,,,,,,
Players,RK,Team,BYE,POS,% ATT,ATT,YPA,YPAA,Rush,TDs,%Ctch,Catch,YPC,YPC,REC,TDs
Cleveland Tean REC TE,,CLE,13,TE,0.00,0.00,0.0,4.3,0.0,0.0,0.25,86.95,9.6,10.8,836,8.0
Austin Hooper,1,CLE,13,TE,0.00,0.00,8.0,7.9,0.0,0.0,0.67,58.26,10.1,9.5,553,5.0
Harrison Bryant,2,CLE,13,TE,0.00,0.00,8.0,7.9,0.0,0.0,0.33,28.69,10.5,9.9,284,3.0
,,,,,,,,,,,,,,,,
,,,,,,,,,,,,,,,,
Players,RK,Team,BYE,POS,%Play,Comp%,Comp,ATT,YPA,Yards,TDs,Ints,Att,Rush,TDs,
Dallas Passing,,DAL,7,QB,100.00,68%,438.5,642.5,7.9,5069.0,33.23,10.00,60,274,5.00,
Dak Prescott,1,DAL,7,QB,0.98,68%,429.8,629.7,7.9,5005.1,33.00,9.00,60,274,5.00,
Cooper Rush,2,DAL,7,QB,0.02,62%,8.0,12.9,7.3,93.8,0.66,0.20,0,0,0.00,
,,,,,,,,,,,,,,,,
Players,RK,Team,BYE,POS,% ATT,ATT,YPA,YPAA,Rush,TDs,%Ctch,Catch,YPC,YPCA,REC,TDs
Dallas Rushing,,DAL,7,RB,100,458.07,4.5,4.3,2100.2,20.1,0.18,78.94,6.8,7.4,536,3.0
Ezekiel Elliott,1,DAL,7,RB,0.58,265.68,4.4,4.3,1140.7,11.0,0.65,51.31,7.5,6.9,354,2.0
Tony Pollard,2,DAL,7,RB,0.27,123.68,4.7,4.6,568.1,4.0,0.35,27.63,7.2,6.6,182,1.0
JaQuan Hardy,3,DAL,7,RB,0.02,9.16,4.2,4.1,37.5,0.0,0.00,0.00,7.5,6.9,0,0.0
Corey Clement,4,DAL,7,RB,0.00,0.00,4.0,3.9,0.0,0.0,0.00,0.00,6.8,6.2,0,0.0
Dak Prescott,,DAL,7,QB,0.13,59.55,4.7,4.6,273.5,5.0,,,,,,
,,,,,,,,,,,,,,,,
Players,RK,Team,BYE,POS,% ATT,ATT,YPA,YPAA,Rush,TDs,%Ctch,Catch,YPC,YPCA,REC,TDs
Dallas REC WR,,DAL,7,WR,0.03,12.00,6.7,4.3,80.3,0.5,0.64,280.67,13.2,12.6,3716,25.0
Amari Cooper,1,DAL,7,WR,0.00,2.00,5.8,5.7,11.4,0.0,0.33,92.62,13.7,13.4,1239,8.0
CeeDee Lamb,2,DAL,7,WR,0.02,10.00,7.0,6.9,68.9,1.0,0.35,98.23,13.0,12.7,1246,10.0
Michael Gallup,3,DAL,7,WR,0.00,0.00,5.2,5.1,0.0,0.0,0.24,67.36,15.6,15.3,1029,6.0
Simi Fehoko,4,DAL,7,WR,0.00,0.00,6.2,6.1,0.0,0.0,0.05,14.03,14.7,14.4,202,1.0
Cedrick Wilson,5,DAL,7,WR,0.00,0.00,6.2,6.1,0.0,0.0,0.03,8.42,11.5,11.2,94,0.0
,,,,,,,,,,,,,,,,
Players,RK,Team,BYE,POS,% ATT,ATT,YPA,YPAA,Rush,TDs,%Ctch,Catch,YPC,YPCA,REC,TDs
Dallas REC TE,,DAL,7,TE,0.00,0.00,0.0,4.3,0.0,0.0,0.18,78.94,10.3,10.8,817,6.0
Blake Jarwin,1,DAL,7,TE,0.00,0.00,8.0,7.9,0.0,0.0,0.63,49.73,11.7,11.1,551,4.0
Dalton Schultz,2,DAL,7,TE,0.00,0.00,8.0,7.9,0.0,0.0,0.37,29.21,9.7,9.1,265,2.0
,,,,,,,,,,,,,,,,
,,,,,,,,,,,,,,,,
Players,,Team,BYE,POS,%Play,Comp%,Comp,ATT,YPA,Yards,TDs,Ints,Att,Rush,TDs,
Denver Passing,,DEN,11,QB,100.00,68%,368.4,543.5,7.9,4270.7,22.92,10.00,47,191,2.00,
Teddy Bridgewater,1,DEN,11,QB,0.80,68%,294.7,434.8,8.0,3478.0,18.00,8.00,47,191,2.00,
Drew Lock,2,DEN,11,QB,0.20,63%,68.5,108.7,7.4,804.4,4.58,2.00,12,45,0.00,
,,,,,,,,,,,,,,,,
Players,RK,Team,BYE,POS,% ATT,ATT,YPA,YPAA,Rush,TDs,%Ctch,Catch,YPC,YPCA,REC,TDs
Denver Rushing,,DEN,11,RB,100,425.07,4.4,4.3,1932.3,16.0,0.15,55.26,6.7,7.4,371,2.0
Melvin Gordon,1,DEN,11,RB,0.47,199.78,4.4,4.3,857.8,7.0,0.66,36.47,7.1,6.5,237,1.0
Javonte Williams,2,DEN,11,RB,0.38,161.53,4.7,4.6,742.0,7.0,0.30,16.58,7.9,7.3,121,1.0
Nate McCrary,3,DEN,11,RB,0.04,17.00,4.0,3.9,66.2,0.0,0.04,2.21,6.5,5.9,13,0.0
Mike Boone,4,DEN,11,RB,0.00,0.00,3.8,3.7,0.0,0.0,0.00,0.00,7.4,6.8,0,0.0
Teddy Bridgewater,,DEN,11,QB,0.11,46.76,4.2,4.1,191.4,2.0,,,,,,
,,,,,,,,,,,,,,,,
Players,RK,Team,BYE,POS,% ATT,ATT,YPA,YPAA,Rush,TDs,%Ctch,Catch,YPC,YPCA,REC,TDs
Denver REC WR,,DEN,11,WR,0.02,10.00,7.5,4.3,74.9,0.4,0.60,221.05,13.1,12.6,2895,15.0
Jerry Jeudy,1,DEN,11,WR,0.00,0.00,6.1,6.0,0.0,0.0,0.32,70.74,13.6,13.3,939,5.0
Courtland Sutton,2,DEN,11,WR,0.00,0.00,6.8,6.7,0.0,0.0,0.33,72.95,14.1,13.8,1005,5.0
KJ Hamler,3,DEN,11,WR,0.02,10.00,7.6,7.5,74.9,0.0,0.17,37.58,12.4,12.1,454,2.0
Tim Patrick,4,DEN,11,WR,0.00,0.00,6.2,6.1,0.0,0.0,0.18,39.79,12.8,12.5,497,3.0
Diontae Spencer,5,DEN,11,WR,0.00,0.00,6.2,6.1,0.0,0.0,0.00,0.00,13.4,13.1,0,0.0
,,,,,,,,,,,,,,,,
Players,RK,Team,BYE,POS,% ATT,ATT,YPA,YPAA,Rush,TDs,%Ctch,Catch,YPCA,YPC,REC,TDs
Denver REC TE,,DEN,11,TE,0,0.00,0.0,4.3,0.0,0.0,0.25,92.10,10.9,10.8,1004,6.0
Noah Fant,1,DEN,11,TE,0,0.00,8.0,7.9,0.0,0.0,0.80,73.68,11.7,11.1,817,5.0
Albert Okwuegbunam,2,DEN,11,TE,0,0.00,8.0,7.9,0.0,0.0,0.20,18.42,10.8,10.2,188,1.0
,,,,,,,,,,,,,,,,
,,,,,,,,,,,,,,,,
Players,RK,Team,BYE,POS,%Play,Comp%,Comp,ATT,YPA,Yards,TDs,Ints,Att,Rush,TDs,
Detroit Passing,,DET,11,QB,100.00,65%,384.9,593.0,7.1,4186.6,22.92,14.00,44,70,1.00,
Jared Goff,1,DET,11,QB,0.97,65%,373.4,575.2,6.9,3997.2,23.00,13.00,44,70,1.00,
David Blough,2,DET,11,QB,0.03,58%,10.3,17.8,6.8,121.0,0.69,0.42,0,0,0.00,
,,,,,,,,,,,,,,,,
Players,RK,Team,BYE,POS,% ATT,ATT,YPA,YPAA,Rush,TDs,%Ctch,Catch,YPC,YPCA,REC,TDs
Detroit Rushing,,DET,11,RB,100,400.32,3.8,4.3,1521.8,12.0,0.28,107.78,7.1,7.4,767,4.0
D'Andre Swift,1,DET,11,RB,0.42,168.13,4.4,4.3,721.9,7.0,0.74,79.75,7.9,7.3,582,3.0
Jamaal Williams,2,DET,11,RB,0.35,140.11,3.9,3.8,531.5,4.0,0.26,28.02,7.2,6.6,185,1.0
Jermer Jefferson,3,DET,11,RB,0.12,48.04,4.1,4.0,191.8,0.0,0.00,0.00,7.3,6.7,0,0.0
Godwin Igwebuike,4,DET,11,RB,0.00,0.00,4.0,3.9,0.0,0.0,0.00,0.00,6.8,6.2,0,0.0
Jared Goff,,DET,11,QB,0.11,44.04,1.7,1.6,70.2,1.0,,,,,,
,,,,,,,,,,,,,,,,
Players,RK,Team,BYE,POS,% ATT,ATT,YPA,YPAA,Rush,TDs,%Ctch,Catch,YPC,YPCA,REC,TDs
Detroit REC WR,,DET,11,WR,0.00,1.00,6.4,4.3,6.4,0.0,0.50,192.46,13.1,12.6,2514,13.0
Tyrell Williams,1,DET,11,WR,0.00,1.00,6.5,6.4,6.4,0.0,0.33,63.51,13.8,13.5,856,5.0
Quintez Cephus,2,DET,11,WR,0.00,0.00,7.1,7.0,0.0,0.0,0.28,53.89,15.8,15.5,834,4.0
Amon-Ra St. Brown,3,DET,11,WR,0.00,0.00,9.1,9.0,0.0,0.0,0.31,59.66,10.7,10.4,619,4.0
KhaDarel Hodge,4,DET,11,WR,0.00,0.00,6.2,6.1,0.0,0.0,0.08,15.40,13.6,13.3,204,0.0
Geronimo Allison,5,DET,11,WR,0.00,0.00,6.2,6.1,0.0,0.0,0.00,0.00,12.6,12.3,0,0.0
,,,,,,,,,,,,,,,,
Players,RK,Team,BYE,POS,% ATT,ATT,YPA,YPAA,Rush,TDs,%Ctch,Catch,YPC,YPCA,REC,TDs
Detroit REC TE,,DET,11,TE,0,0.00,0.0,4.3,0.0,0.0,0.22,84.68,10.7,10.8,905,6.0
T.J. Hockenson,1,DET,11,TE,0,0.00,8.0,7.9,0.0,0.0,0.85,71.98,11.5,10.9,784,5.0
Darren Fells,2,DET,11,TE,0,0.00,8.0,7.9,0.0,0.0,0.15,12.70,10.2,9.6,122,1.0
,,,,,,,,,,,,,,,,
,,,,,,,,,,,,,,,,
Players,RK,Team,BYE,POS,%Play,Comp%,Comp,ATT,YPA,Yards,TDs,Ints,Att,Rush,TDs,
Green Bay Passing,,GB,13,QB,100.00,69%,384.9,560.0,7.4,4139.2,35.29,8.00,39,179,2.00,
Aaron Rodgers,1,GB,13,QB,0.98,69%,377.2,548.8,7.4,4060.6,36.00,7.00,39,179,2.00,
Jordan Love,2,GB,13,QB,0.02,62%,6.9,11.2,7.0,78.4,0.71,0.16,0,0,0.00,
,,,,,,,,,,,,,,,,
Players,RK,Team,BYE,POS,% ATT,ATT,YPA,YPAA,Rush,TDs,%Ctch,Catch,YPC,YPCA,REC,TDs
Green Bay Rushing,,GB,13,RB,100,433.32,4.6,4.3,2006.8,17.0,0.22,84.68,7.3,7.4,620,4.0
Aaron Jones,1,GB,13,RB,0.52,225.33,4.8,4.7,1057.6,9.0,0.80,67.75,8.0,7.4,501,4.0
AJ Dillon,2,GB,13,RB,0.33,143.00,4.6,4.5,642.5,6.0,0.05,4.23,7.2,6.6,28,0.0
Kylin Hill,3,GB,13,RB,0.06,26.00,4.2,4.1,106.4,0.0,0.15,12.70,7.7,7.1,90,0.0
Patrick Taylor,4,GB,13,RB,0.00,0.00,4.2,4.1,0.0,0.0,0.00,0.00,8.3,7.7,0,0.0
Aaron Rodgers,,GB,13,QB,0.09,39.00,4.7,4.6,179.1,2.0,,,,,,
,,,,,,,,,,,,,,,,
Players,RK,Team,BYE,POS,% ATT,ATT,YPA,YPAA,Rush,TDs,%Ctch,Catch,YPC,YPCA,REC,TDs
Green Bay REC WR,,GB,13,WR,0.01,3.00,7.0,4.3,21.0,0.1,0.59,227.10,12.0,12.6,2732,23.0
Davante Adams,1,GB,13,WR,0.00,0.00,5.6,5.5,0.0,0.0,0.53,120.36,12.2,11.9,1430,13.0
Randall Cobb,2,GB,13,WR,0.00,1.00,7.1,7.0,7.0,0.0,0.17,38.61,10.8,10.5,405,3.0
Allen Lazard,3,GB,13,WR,0.00,2.00,7.1,7.0,14.0,0.0,0.14,31.79,13.5,13.2,419,4.0
Marquez Valdes-Scantling,4,GB,13,WR,0.00,0.00,6.5,6.4,0.0,0.0,0.09,20.44,15.6,15.3,312,2.0
Amari Rodgers,5,GB,13,WR,0.00,0.00,6.5,6.4,0.0,0.0,0.07,15.90,10.8,10.5,167,1.0
,,,,,,,,,,,,,,,,
Players,RK,Team,BYE,POS,% ATT,ATT,YPA,YPAA,Rush,TDs,%Ctch,Catch,YPC,YPCA,REC,TDs
Green Bay REC TE,,GB,13,TE,0.00,0.00,0.0,4.3,0.0,0.0,0.19,73.13,10.8,10.8,787,9.0
Robert Tonyan,1,GB,13,TE,0.00,0.00,8.0,7.9,0.0,0.0,0.81,59.24,11.3,10.7,633,7.0
Josiah Deguara,2,GB,13,TE,0.00,0.00,8.0,7.9,0.0,0.0,0.19,13.90,9.8,11.1,154,2.0
,,,,,,,,,,,,,,,,
,,,,,,,,,,,,,,,,
Players,RK,Team,BYE,POS,%Play,Comp%,Comp,ATT,YPA,Yards,TDs,Ints,Att,Rush,TDs,
Houston Passing,,HOU,10,QB,100.00,60%,327.2,543.5,6.4,3490.5,14.67,12.00,83,433,3.00,
Tyrod Taylor,1,HOU,10,QB,0.96,60%,314.1,521.8,6.3,3312.7,14.00,11.00,83,433,3.00,
Davis Mills,2,HOU,10,QB,0.04,60%,13.0,21.7,6.5,141.3,0.59,0.48,0,0,0.00,
,,,,,,,,,,,,,,,,
Players,RK,Team,BYE,POS,% ATT,ATT,YPA,YPAA,Rush,TDs,%Ctch,Catch,YPC,YPCA,REC,TDs
Houston Rushing,,HOU,10,RB,100,416.82,4.1,4.3,1735.8,8.0,0.20,65.43,6.7,7.4,441,2.0
David Johnson,1,HOU,10,RB,0.40,166.73,4.0,3.9,649.2,3.0,0.63,41.22,7.5,6.9,284,1.0
Phillip Lindsay,2,HOU,10,RB,0.30,125.05,3.9,3.8,474.4,2.0,0.22,14.40,6.8,6.2,89,1.0
Mark Ingram,3,HOU,10,RB,0.1,41.68,3.9,3.8,158.1,1.0,0.15,9.82,7.5,6.9,68,0.0
Rex Burkhead,4,HOU,10,RB,0.00,0.00,4.0,3.9,0.0,0.0,0.00,0.00,6.8,6.2,0,0.0
Tyrod Taylor,,HOU,10,QB,0.2,83.36,5.3,5.2,432.9,3.0,,,,,,
,,,,,,,,,,,,,,,,
Players,RK,Team,BYE,POS,% ATT,ATT,YPA,YPAA,Rush,TDs,%Ctch,Catch,YPC,YPCA,REC,TDs
Houston REC WR,,HOU,10,WR,0.01,3.08,6.9,4.3,21.2,0.1,0.60,196.30,12.2,12.6,2391,8.0
Brandin Cooks,1,HOU,10,WR,0.00,1.00,6.7,6.6,6.6,0.0,0.36,70.67,13.0,12.7,896,4.0
Chris Conley,2,HOU,10,WR,0.01,2.08,7.1,7.0,14.6,0.0,0.25,49.08,12.0,11.7,573,2.0
Anthony Miller,3,HOU,10,WR,0.00,0.00,7.1,7.0,0.0,0.0,0.22,43.19,12.8,12.5,539,1.0
Nick Collins,4,HOU,10,WR,0.00,0.00,5.7,5.6,0.0,0.0,0.17,33.37,11.8,11.5,383,1.0
Andre Roberts,5,HOU,10,WR,0.00,0.00,7.1,7.0,0.0,0.0,0.00,0.00,12.5,12.2,0,0.0
,,,,,,,,,,,,,,,,
Players,RK,Team,BYE,POS,% ATT,ATT,YPA,YPAA,Rush,TDs,%Ctch,Catch,YPC,YPCA,REC,TDs
Houston REC TE,,HOU,10,TE,0,0.00,0.0,4.3,0.0,0.0,0.20,65.43,10.1,10.8,658,4.0
Jordan Akins,1,HOU,10,TE,0.00,0.00,8.0,7.9,0.0,0.0,0.60,39.26,10.3,9.7,380,2.6
Brevin Jordan,2,HOU,10,TE,0.00,0.00,8.0,7.9,0.0,0.0,0.40,26.17,12.3,10.6,277,1.4
,,,,,,,,,,,,,,,,
,,,,,,,,,,,,,,,,
Players,RK,Team,BYE,POS,%Play,Comp%,Comp,ATT,YPA,Yards,TDs,Ints,Att,Rush,TDs,
Indianapolis Passing,,IND,14,QB,100.00,63%,364.3,576.5,6.8,3893.6,23.95,12.00,47,166,1.00,
Carson Wentz,1,IND,14,QB,0.90,63%,327.9,518.9,6.8,3553.6,22.00,11.00,47,166,1.00,
Jacob Eason,2,IND,14,QB,0.10,63%,36.3,57.7,6.8,392.0,2.39,1.20,0,0,0.00,
,,,,,,,,,,,,,,,,
Players,RK,Team,BYE,POS,% ATT,ATT,YPA,YPAA,Rush,TDs,%Ctch,Catch,YPC,YPCA,REC,TDs
Indianapolis Rushing,,IND,14,RB,100,474.57,4.3,4.3,2047.4,18.1,0.28,102.00,7.3,7.4,749,3.0
Jonathan Taylor,1,IND,14,RB,0.55,261.01,4.6,4.5,1172.9,12.0,0.48,48.96,8.5,7.9,387,1.0
Nyheim Hines,2,IND,14,RB,0.10,47.46,4.1,4.0,189.5,1.0,0.47,47.94,7.4,6.8,326,2.0
Marlon Mack,3,IND,14,RB,0.17,80.68,4.2,4.1,330.2,3.0,0.05,5.10,6.8,7.1,36,0.0
Jordan Wilkins,4,IND,14,RB,0.08,37.97,4.2,4.1,155.4,1.0,0.00,0.00,6.8,7.1,0,0.0
Carson Wentz,,IND,14,QB,0.1,47.46,3.6,3.5,165.8,1.0,,,,,,
,,,,,,,,,,,,,,,,
Players,RK,Team,BYE,POS,% ATT,ATT,YPA,YPAA,Rush,TDs,%Ctch,Catch,YPC,YPCA,REC,TDs
Indianapolis REC WR,,IND,14,WR,0.01,5.90,5.7,4.3,33.6,0.2,0.54,196.72,12.4,12.6,2436,17.0
T.Y. Hilton,1,IND,14,WR,0.00,0.00,6.5,6.4,0.0,0.0,0.27,53.11,13.2,12.9,684,3.0
Michael Pittman,2,IND,14,WR,0.01,3.93,5.6,5.5,21.6,0.0,0.35,68.85,12.6,12.3,845,8.0
Parris Campbell,3,IND,14,WR,0.00,1.97,6.2,6.1,12.0,0.0,0.24,47.21,12.0,11.7,551,4.0
Zach Pascal,4,IND,14,WR,0.00,0.00,7.1,7.0,0.0,0.0,0.14,27.54,13.2,12.9,355,2.0
Mike Strachan,5,IND,14,WR,0.00,0.00,6.5,6.4,0.0,0.0,0.00,0.00,12.5,12.2,0,0.0
,,,,,,,,,,,,,,,,
Players,RK,Team,BYE,POS,% ATT,ATT,YPA,YPAA,Rush,TDs,%Ctch,Catch,YPC,YPCA,REC,TDs
Indianapolis REC TE,,IND,14,TE,0.00,0.00,0.0,4.3,0.0,0.0,0.18,65.57,10.8,10.8,709,4.0
Jack Doyle,1,IND,14,TE,0.00,0.00,8.0,7.9,0.0,0.0,0.52,34.10,10.8,10.2,347,2.0
Mo Alie-Cox,2,IND,14,TE,0.00,0.00,8.0,7.9,0.0,0.0,0.48,31.47,12.1,11.5,362,2.0
,,,,,,,,,,,,,,,,
,,,,,,,,,,,,,,,,
Players,RK,Team,BYE,POS,%Play,Comp%,Comp,ATT,YPA,Yards,TDs,Ints,Att,Rush,TDs,
Jacksonville Passing,,JAC,7,QB,100.00,65%,384.9,593.0,7.0,4136.9,26.01,13.00,75,255,3.00,
Trevor Lawrence,1,JAC,7,QB,0.96,65%,369.5,569.3,6.8,3899.0,25.00,12.00,75,255,3.00,
C.J. Beathard,2,JAC,7,QB,0.04,63%,14.9,23.7,7.1,168.4,1.04,0.52,0,0,0.00,
,,,,,,,,,,,,,,,,
Players,RK,Team,BYE,POS,% ATT,ATT,YPA,YPAA,Rush,TDs,%Ctch,Catch,YPC,YPCA,REC,TDs
Jacksonville Rushing,,JAC,7,RB,100,441.57,4.1,4.3,1921.0,12.0,0.25,96.23,5.4,7.4,517,3.0
Travis Etienne,1,JAC,7,RB,0,0.00,4.8,4.7,0.0,0.0,0.00,0.00,8.3,7.7,0,0.0
James Robinson,2,JAC,7,RB,0.62,273.77,4.4,4.3,1175.4,8.0,0.63,60.62,7.2,6.6,400,2.0
Carlos Hyde,3,JAC,7,RB,0.17,75.07,4.0,3.9,292.3,1.0,0.23,22.13,5.9,5.3,117,1.0
Dare Ogunbowale,4,JAC,7,RB,0.04,17.66,3.9,3.8,67.0,0.0,0.00,0.00,7.2,6.6,0,0.0
Trevor Lawrence,,JAC,7,QB,0.17,75.07,3.5,3.4,254.7,3.0,,,,,,
,,,,,,,,,,,,,,,,
Players,RK,Team,BYE,POS,% ATT,ATT,YPA,YPAA,Rush,TDs,%Ctch,Catch,YPC,YPCA,REC,TDs
Jacksonville REC WR,,JAC,7,WR,0.05,22.01,6.0,4.3,131.5,0.6,0.63,242.50,13.2,12.6,3199,21.0
D.J. Chark,1,JAC,7,WR,0.00,2.00,7.9,7.8,15.6,0.0,0.33,80.02,13.6,13.3,1063,8.0
Laviska Shenault,2,JAC,7,WR,0.05,20.00,5.9,5.8,115.9,0.8,0.31,75.17,12.7,12.4,931,7.0
Marvin Jones,3,JAC,7,WR,0.00,0.00,7.1,7.0,0.0,0.0,0.27,65.47,13.9,13.6,889,5.0
Tyron Johnson,4,JAC,7,WR,0.00,0.00,6.5,6.4,0.0,0.0,0.09,21.82,14.8,14.5,316,1.0
Phillip Dorsett,5,JAC,7,WR,0.00,0.00,8.2,8.1,0.0,0.0,0.00,0.00,10.7,10.4,0,0.0
,,,,,,,,,,,,,,,,
Players,RK,Team,BYE,POS,% ATT,ATT,YPA,YPAA,Rush,TDs,%Ctch,Catch,YPC,YPCA,REC,TDs
Jacksonville REC TE,,JAC,7,TE,0.00,0.00,0.0,4.3,0.0,0.0,0.12,46.19,9.1,10.8,421,1.0
James O'Shaughnessy,1,JAC,7,TE,0.00,0.00,8.0,7.9,0.0,0.0,0.75,34.64,9.7,9.1,315,0.3
Tyler Davis,2,JAC,7,TE,0.00,0.00,8.0,7.9,0.0,0.0,0.25,11.55,9.8,9.2,106,0.8
,,,,,,,,,,,,,,,,
,,,,,,,,,,,,,,,,
Players,RK,Team,BYE,POS,%Play,Comp%,Comp,ATT,YPA,Yards,TDs,Ints,Att,Rush,TDs,
Kansas Passing,,KC,12,QB,100.00,67%,397.3,593.0,8.3,4908.7,39.42,8.00,56,263,2.00,
Patrick Mahomes II,1,KC,12,QB,0.98,67%,389.3,581.2,8.3,4822.9,40.00,7.00,56,263,2.00,
Chad Henne,2,KC,12,QB,0.02,61%,7.2,11.9,6.9,81.8,0.79,0.16,0,0,0.00,
,,,,,,,,,,,,,,,,
Players,RK,Team,BYE,POS,% ATT,ATT,YPA,YPAA,Rush,TDs,%Ctch,Catch,YPC,YPCA,REC,TDs
Kansas Rushing,,KC,12,RB,100,400.32,4.4,4.3,1874.8,16.0,0.18,71.51,7.4,7.4,531,4.0
Clyde Edwards-Helaire,1,KC,12,RB,0.66,264.21,4.5,4.4,1160.8,13.0,0.70,50.06,8.2,7.6,380,3.0
Darrel Williams,2,KC,12,RB,0.11,44.04,4.1,4.0,175.9,1.0,0.09,6.44,7.4,6.8,44,0.4
Jerick McKinnon,3,KC,12,RB,0.09,36.03,3.9,3.8,136.7,0.0,0.21,15.02,7.7,7.1,107,1.0
Derrick Gore,4,KC,12,RB,0,0.00,4.0,3.9,0.0,0.0,0.00,0.00,7.8,7.1,0,0.0
Patrick Mahomes II,,KC,12,QB,0.14,56.04,4.8,4.7,263.0,2.0,,,,,,
,,,,,,,,,,,,,,,,
Players,RK,Team,BYE,POS,% ATT,ATT,YPA,YPAA,Rush,TDs,%Ctch,Catch,YPC,YPCA,REC,TDs
Kansas REC WR,,KC,12,WR,0.05,21.00,6.6,4.4,138.4,0.8,0.52,206.59,14.2,12.6,2931,25.0
Tyreek Hill,1,KC,12,WR,0.03,14.00,6.5,6.4,89.5,1.0,0.46,95.03,15.0,14.7,1395,13.0
Mecole Hardman,2,KC,12,WR,0.02,7.00,7.1,7.0,48.9,0.0,0.26,53.71,15.5,15.2,815,7.0
Demarcus Robinson,3,KC,12,WR,0.00,0.00,6.7,6.6,0.0,0.0,0.19,39.25,12.0,11.7,458,4.0
Bryon Pringle,4,KC,12,WR,0.00,0.00,7.1,7.0,0.0,0.0,0.09,18.59,14.4,14.1,262,1.0
Marcus Kemp,5,KC,12,WR,0.00,0.00,6.5,6.4,0.0,0.0,0.00,0.00,12.3,12.0,0,0.0
,,,,,,,,,,,,,,,,
Players,RK,Team,BYE,POS,% ATT,ATT,YPA,YPAA,Rush,TDs,%Ctch,Catch,YPC,YPCA,REC,TDs
Kansas REC TE,,KC,12,TE,0.00,0.00,0.0,4.4,0.0,0.0,0.30,119.19,12.1,10.8,1447,11.0
Travis Kelce,1,KC,12,TE,0.00,0.00,8.0,7.9,0.0,0.0,0.94,112.04,12.9,12.3,1376,11.0
Blake Bell,2,KC,12,TE,0.00,0.00,8.0,7.9,0.0,0.0,0.06,7.15,10.5,9.9,71,0.0
,,,,,,,,,,,,,,,,
,,,,,,,,,,,,,,,,
Players,RK,Team,BYE,POS,%Play,Comp%,Comp,ATT,YPA,Yards,TDs,Ints,Att,Rush,TDs,
Las Vegas Passing,,LV,8,QB,100.00,68%,380.8,560.0,7.9,4431.1,28.07,11.00,31,91,2.00,
Derek Carr,1,LV,8,QB,0.92,68%,350.3,515.2,7.8,4043.8,27.00,10.00,31,91,2.00,
Marcus Mariota,2,LV,8,QB,0.08,63%,28.2,44.8,7.6,340.5,2.25,0.88,0,0,0.00,
,,,,,,,,,,,,,,,,
Players,RK,Team,BYE,POS,% ATT,ATT,YPA,YPAA,Rush,TDs,%Ctch,Catch,YPC,YPCA,REC,TDs
Las Vegas Rushing,,LV,8,RB,100,449.82,4.2,4.3,1962.1,18.0,0.22,83.77,6.7,7.4,564,4.0
Josh Jacobs,1,LV,8,RB,0.6,269.89,4.4,4.3,1158.8,11.0,0.37,31.00,7.5,6.9,214,1.0
Kenyan Drake,2,LV,8,RB,0.29,130.45,4.1,4.0,520.9,5.0,0.55,46.08,7.3,6.7,309,3.0
Peyton Barber,3,LV,8,RB,0.04,17.99,3.9,3.8,68.3,0.0,0.08,6.70,6.8,6.2,42,0.0
Jalen Richard,4,LV,8,RB,0,0.00,4.4,4.3,0.0,0.0,0.00,0.00,8.0,7.4,0,0.0
Derek Carr,,LV,8,QB,0.07,31.49,3.0,2.9,91.1,2.0,,,,,,
,,,,,,,,,,,,,,,,
Players,RK,Team,BYE,POS,% ATT,ATT,YPA,YPAA,Rush,TDs,%Ctch,Catch,YPC,YPCA,REC,TDs
Las Vegas REC WR,,LV,8,WR,0.04,16.00,7.7,3.8,123.1,0.6,0.47,178.97,13.8,12.6,2476,13.0
Henry Ruggs,1,LV,8,WR,0.00,0.00,5.2,5.1,0.0,0.0,0.31,55.48,16.7,16.4,909,5.0
Bryan Edwards,2,LV,8,WR,0.04,16.00,7.8,7.7,123.1,0.5,0.25,44.74,14.1,13.8,617,4.0
Hunter Renfrow,3,LV,8,WR,0.00,0.00,5.1,5.0,0.0,0.0,0.27,48.32,11.2,10.9,526,3.0
Zay Jones,4,LV,8,WR,0.00,0.00,11.3,11.2,0.0,0.0,0.18,32.22,13.5,13.2,425,1.0
Willie Snead,5,LV,8,WR,0.00,0.00,5.3,5.2,0.0,0.0,0.00,0.00,11.2,10.9,0,0.0
,,,,,,,,,,,,,,,,
Players,RK,Team,BYE,POS,% ATT,ATT,YPA,YPAA,Rush,TDs,%Ctch,Catch,YPC,YPCA,REC,TDs
Las Vegas REC TE,,LV,8,TE,0.00,0.00,0.0,3.8,0.0,0.0,0.34,129.47,10.7,10.8,1391,11.0
Darren Waller,1,LV,8,TE,0.00,0.00,8.0,7.9,0.0,0.0,0.86,111.34,11.5,10.9,1212,9.0
Foster Moreau,2,LV,8,TE,0.00,0.00,8.0,7.9,0.0,0.0,0.14,18.13,10.5,9.9,179,2.0
,,,,,,,,,,,,,,,,
,,,,,,,,,,,,,,,,
Players,RK,Team,BYE,POS,%Play,Comp%,Comp,ATT,YPA,Yards,TDs,Ints,Att,Rush,TDs,
LA Chargers Passing,,LAC,7,QB,100.00,67%,422.0,626.0,7.3,4563.8,32.20,12.00,67,246,3.00,
Justin Herbert,1,LAC,7,QB,0.98,67%,413.6,613.5,7.3,4508.5,32.00,11.00,67,246,3.00,
Chase Daniel,2,LAC,7,QB,0.02,62%,7.8,12.5,6.9,86.4,0.64,0.24,0,0,0.00,
,,,,,,,,,,,,,,,,
Players,RK,Team,BYE,POS,% ATT,ATT,YPA,YPAA,Rush,TDs,%Ctch,Catch,YPC,YPCA,REC,TDs
LA Chargers Rushing,,LAC,7,RB,100,416.82,4.1,4.3,1710.8,12.0,0.30,126.61,7.4,7.4,937,6.0
Austin Ekeler,1,LAC,7,RB,0.48,200.07,4.3,4.2,839.0,5.0,0.74,93.69,8.4,7.8,731,5.0
Justin Jackson,2,LAC,7,RB,0.18,75.03,4.2,4.1,307.1,2.0,0.19,24.06,7.6,7.0,168,1.0
Joshua Kelley,3,LAC,7,RB,0.12,50.02,3.9,3.8,189.7,1.0,0.05,6.33,6.6,6.0,38,0.0
Larry Rountree,4,LAC,7,RB,0.06,25.01,4.0,3.9,97.4,1.0,0.02,2.53,6.8,6.2,16,0.0
Justin Herbert,,LAC,7,QB,0.16,66.69,3.8,3.7,246.3,3.0,,,,,,
,,,,,,,,,,,,,,,,
Players,RK,Team,BYE,POS,% ATT,ATT,YPA,YPAA,Rush,TDs,%Ctch,Catch,YPC,YPCA,REC,TDs
LA Chargers REC WR,,LAC,7,WR,0.01,4.99,6.3,3.8,31.2,0.1,0.55,232.12,12.4,12.6,2874,19.0
Keenan Allen,1,LAC,7,WR,0.00,2.00,5.1,5.0,10.0,0.0,0.48,111.42,10.5,10.2,1134,7.0
Mike Williams,2,LAC,7,WR,0.00,0.00,7.9,7.8,0.0,0.0,0.25,58.03,14.8,14.5,840,8.0
Jalen Guyton,3,LAC,7,WR,0.00,0.00,6.2,6.1,0.0,0.0,0.15,34.82,17.7,17.4,605,3.0
Joshua Palmer,4,LAC,7,WR,0.01,3.00,7.2,7.1,21.3,0.0,0.12,27.85,10.9,10.6,295,2.0
KJ Hill,5,LAC,7,WR,0.00,0.00,6.1,6.0,0.0,0.0,0.00,0.00,11.7,11.4,0,0.0
,,,,,,,,,,,,,,,,
Players,RK,Team,BYE,POS,% ATT,ATT,YPA,YPAA,Rush,TDs,%Ctch,Catch,YPC,YPCA,REC,TDs
LA Chargers REC TE,,LAC,7,TE,0.00,0.00,0.0,3.8,0.0,0.0,0.15,63.31,11.9,10.8,752,7.0
Jared Cook,1,LAC,7,TE,0.00,0.00,8.0,7.9,0.0,0.0,0.85,53.81,12.9,12.3,661,6.0
Tre' McKitty,2,LAC,7,TE,0.00,0.00,8.0,7.9,0.0,0.0,0.15,9.50,10.2,9.6,91,1.0
,,,,,,,,,,,,,,,,
,,,,,,,,,,,,,,,,
Players,RK,Team,BYE,POS,%Play,Comp%,Comp,ATT,YPA,Yards,TDs,Ints,Att,Rush,TDs,
Los Angeles Passing,,LAR,11,QB,100.00,65%,384.9,593.0,7.2,4274.8,27.04,12.00,35,118,0.00,
Matthew Stafford,,LAR,11,QB,0.96,65%,369.5,569.3,7.1,4041.3,27.00,11.00,35,118,0.00,
John Wolford,,LAR,11,QB,0.04,63%,14.9,23.7,7.2,170.8,1.08,0.48,0,0,0.00,
,,,,,,,,,,,,,,,,
Players,RK,Team,BYE,POS,% ATT,ATT,YPA,YPAA,Rush,TDs,%Ctch,Catch,YPC,YPCA,REC,TDs
Los Angeles Rushing,,LAR,11,RB,100.00,433.32,4.3,4.3,1955.4,12.0,0.15,57.74,8.1,7.4,466,2.0
Darrell Henderson,1,LAR,11,RB,0.46,199.33,4.4,4.3,855.8,6.0,0.70,40.42,8.7,8.1,327,2.0
Sony Michel,2,LAR,11,RB,0.40,173.33,4.3,4.2,726.8,6.0,0.25,14.43,7.4,9.1,131,0.0
Jake Funk,3,LAR,11,RB,0.06,26.00,4.3,4.2,109.0,0.2,0.02,1.15,6.8,6.2,7,0.0
Otis Anderson,4,LAR,11,RB,0.00,0.00,4.1,4.0,0.0,0.0,0.00,0.00,7.1,6.5,0,0.0
Matthew Stafford,,LAR,11,QB,0.08,34.67,3.5,3.4,117.6,0.0,,,,,,
,,,,,,,,,,,,,,,,
Players,RK,Team,BYE,POS,% ATT,ATT,YPA,YPAA,Rush,TDs,%Ctch,Catch,YPC,YPCA,REC,TDs
Los Angeles REC WR,,LAR,11,WR,0.05,22.00,6.6,4.2,146.1,0.6,0.64,246.35,12.1,12.6,2973,18.0
Cooper Kupp,1,LAR,11,WR,0.00,2.00,7.2,7.1,14.2,0.0,0.38,93.61,12.6,12.3,1150,8.0
Robert Woods,2,LAR,11,WR,0.05,20.00,6.7,6.6,131.9,1.0,0.37,91.15,11.5,11.2,1019,6.0
Van Jefferson,3,LAR,11,WR,0.00,0.00,6.5,6.4,0.0,0.0,0.15,36.95,12.1,11.8,435,2.0
DeSean Jackson,4,LAR,11,WR,0.00,0.00,4.7,4.6,0.0,0.0,0.10,24.63,15.3,15.0,369,2.0
Tutu Atwel,5,LAR,11,WR,0.00,0.00,5.1,5.0,0.0,0.0,0.00,0.00,13.3,13.0,0,0.0
,,,,,,,,,,,,,,,,
Players,RK,Team,BYE,POS,% ATT,ATT,YPA,YPAA,Rush,TDs,%Ctch,Catch,YPC,YPCA,REC,TDs
Los Angeles REC TE,,LAR,11,TE,0.00,0.00,0.0,4.2,0.0,0.0,0.21,80.83,10.3,10.8,836,7.0
Tyler Higbee,1,LAR,11,TE,0.00,0.00,8.0,7.9,0.0,0.0,0.72,58.20,10.9,10.3,599,5.0
Brycen Hopkins,2,LAR,11,TE,0.00,0.00,8.0,7.9,0.0,0.0,0.28,22.63,11.1,10.5,237,2.0
,,,,,,,,,,,,,,,,
,,,,,,,,,,,,,,,,
Players,RK,Team,BYE,POS,%Play,Comp%,Comp,ATT,YPA,Yards,TDs,Ints,Att,Rush,TDs,
Miami Passing,,MIA,14,QB,100.00,65%,364.3,560.0,7.9,4432.2,27.04,12.00,57,171,2.00,
Tua Tagovailoa,1,MIA,14,QB,0.95,65%,346.1,532.0,8.0,4255.5,27.00,11.00,57,171,2.00,
Jacoby Brissett,2,MIA,14,QB,0.05,63%,17.6,28.0,6.8,190.4,1.35,0.60,7,28,0.00,
,,,,,,,,,,,,,,,,
Players,RK,Team,BYE,POS,% ATT,ATT,YPA,YPAA,Rush,TDs,%Ctch,Catch,YPC,YPCA,REC,TDs
Miami Rushing,,MIA,14,RB,100.00,408.57,4.0,4.3,1792.6,13.0,0.21,76.50,6.9,7.4,529,3.0
Myles Gaskin,1,MIA,14,RB,0.54,220.63,4.1,4.0,881.1,7.0,0.66,50.49,7.8,7.2,364,2.0
Salvon Ahmed,2,MIA,14,RB,0.12,49.03,4.1,4.0,195.8,1.0,0.04,3.06,6.0,5.4,17,0.0
Malcolm Brown,3,MIA,14,RB,0.14,57.20,4.0,3.9,222.7,3.0,0.25,19.13,7.0,6.4,122,1.0
Gerrid Doaks,4,MIA,14,RB,0.06,24.51,3.9,3.8,93.0,0.0,0.05,3.83,7.6,7.0,27,0.0
Tua Tagovailoa,,MIA,14,QB,0.14,57.20,3.1,3.0,171.2,2.0,,,,,,
,,,,,,,,,,,,,,,,
Players,RK,Team,BYE,POS,% ATT,ATT,YPA,YPAA,Rush,TDs,%Ctch,Catch,YPC,YPCA,REC,TDs
Miami REC WR,,MIA,14,WR,0.09,38.00,6.0,4.0,228.8,1.2,0.55,200.36,14.2,12.6,2854,17.0
DeVante Parker,1,MIA,14,WR,0.00,0.00,5.7,5.6,0.0,0.0,0.38,76.14,12.7,12.4,943,6.0
Will Fuller,2,MIA,14,WR,0.00,0.00,5.6,5.5,0.0,0.0,0.29,58.10,15.1,14.8,859,6.0
Jaylen Waddle,3,MIA,14,WR,0.02,8.00,11.1,11.0,87.9,0.3,0.25,50.09,17.3,17.0,851,4.0
Preston Williams,4,MIA,14,WR,0.00,0.00,7.1,7.0,0.0,0.0,0.06,12.02,14.0,13.7,164,1.0
Jakeem Grant,5,MIA,14,WR,0.07,30.00,4.8,4.7,140.8,0.0,0.02,4.01,9.7,9.4,38,0.0
,,,,,,,,,,,,,,,,
Players,RK,Team,BYE,POS,% ATT,ATT,YPA,YPAA,Rush,TDs,%Ctch,Catch,YPC,YPCA,REC,TDs
Miami REC TE,,MIA,14,TE,0.00,0.00,0.0,4.0,0.0,0.0,0.24,87.43,12.0,10.8,1049,7.0
Mike Gesicki,1,MIA,14,TE,0.00,0.00,8.0,7.9,0.0,0.0,0.76,66.45,12.9,12.3,816,6.0
Hunter Long,2,MIA,14,TE,0.00,0.00,8.0,7.9,0.0,0.0,0.24,20.98,11.7,11.1,233,1.0
,,,,,,,,,,,,,,,,
,,,,,,,,,,,,,,,,
Players,RK,Team,BYE,POS,%Play,Comp%,Comp,ATT,YPA,Yards,TDs,Ints,Att,Rush,TDs,
Minnesota Passing,,MIN,7,QB,100.00,69%,376.7,543.5,8.1,4414.2,29.10,14.00,39,92,1.00,
Kirk Cousins,1,MIN,7,QB,0.97,69%,365.4,527.2,8.1,4296.2,29.00,13.00,39,92,1.00,
Kellen Mond,2,MIN,7,QB,0.03,63%,10.3,16.3,7.0,114.1,0.87,0.42,0,0,0.00,
,,,,,,,,,,,,,,,,
Players,RK,Team,BYE,POS,% ATT,ATT,YPA,YPAA,Rush,TDs,%Ctch,Catch,YPC,YPCA,REC,TDs
Minnesota Rushing,,MIN,7,RB,100.00,482.82,4.3,4.3,2116.8,19.2,0.23,86.63,7.7,7.4,669,4.0
Dalvin Cook,1,MIN,7,RB,0.61,294.52,4.7,4.6,1352.9,15.0,0.74,64.11,8.5,7.9,507,3.0
Alexander Mattison,2,MIN,7,RB,0.25,120.70,4.4,4.3,518.2,3.0,0.17,14.73,8.3,7.7,113,1.0
Kene Nwangwu,3,MIN,7,RB,0.04,19.31,4.3,4.2,81.0,0.0,0.09,7.80,6.9,6.3,49,0.0
Ameer Abdullah,4,MIN,7,RB,0.02,9.66,4.5,4.4,42.4,0.0,0.00,0.00,7.8,7.2,0,0.0
Kirk Cousins,,MIN,7,QB,0.08,38.63,2.5,2.4,92.4,1.0,,,,,,
,,,,,,,,,,,,,,,,
Players,RK,Team,BYE,POS,% ATT,ATT,YPA,YPAA,Rush,TDs,%Ctch,Catch,YPC,YPCA,REC,TDs
Minnesota REC WR,,MIN,7,WR,0.01,5.00,6.0,4.3,29.9,0.2,0.62,233.53,13.2,12.6,3089,19.0
Justin Jefferson,1,MIN,7,WR,0.00,2.00,6.8,6.7,13.4,0.0,0.45,105.09,14.6,14.3,1501,8.0
Adam Thielen,2,MIN,7,WR,0.01,3.00,5.6,5.5,16.5,0.0,0.38,88.74,12.2,11.9,1054,8.0
K.J. Osborn,3,MIN,7,WR,0.00,0.00,6.7,6.6,0.0,0.0,0.12,28.02,14.4,14.1,395,2.0
Ihmir Smith-Marsette,4,MIN,7,WR,0.00,0.00,7.1,7.0,0.0,0.0,0.05,11.68,12.3,12.0,140,1.0
Dede Westbrook,5,MIN,7,WR,0.00,0.00,6.5,6.4,0.0,0.0,0.00,0.00,10.7,10.4,0,0.0
,,,,,,,,,,,,,,,,
Players,RK,Team,BYE,POS,% ATT,ATT,YPA,YPAA,Rush,TDs,%Ctch,Catch,YPC,YPCA,REC,TDs
Minnesota REC TE,,MIN,7,TE,0.00,0.00,0.0,4.3,0.0,0.0,0.15,56.50,11.6,10.8,656,6.0
Chris Herndon,1,MIN,7,TE,0.00,0.00,8.0,7.9,0.0,0.0,0.60,33.90,12.3,11.7,396,4.0
Tyler Conklin,2,MIN,7,TE,0.00,0.00,8.0,7.9,0.0,0.0,0.40,22.60,12.1,11.5,260,2.0
,,,,,,,,,,,,,,,,
,,,,,,,,,,,,,,,,
Players,RK,Team,BYE,POS,%Play,Comp%,Comp,ATT,YPA,Yards,TDs,Ints,Att,Rush,TDs,
New England Passing,,NE,14,QB,100.00,67%,384.9,576.5,7.2,4178.3,28.07,11.00,40,81,1.00,
Mac Jones,1,NE,14,QB,0.96,67%,369.5,553.5,7.2,4011.9,27.00,10.00,40,81,1.00,
Jarrett Stidham,2,NE,14,QB,0.04,63%,14.5,23.1,7.0,161.4,1.00,1.00,22,46,0.00,
,,,,,,,,,,,,,,,,
Players,Rank,Team,BYE,POS,% ATT,ATT,YPA,YPAA,Rush,TDs,%Ctch,Catch,YPC,YPCA,REC,TDs
New England Rushing,,NE,14,RB,100.00,449.82,3.6,4.3,1639.9,18.0,0.21,80.83,7.3,7.4,590,3.0
Damien Harris,1,NE,14,RB,0.44,197.92,4.5,4.4,869.6,8.0,0.16,12.93,8.4,7.8,101,0.0
Rhamondre Stevenson,2,NE,14,RB,0.25,112.45,4.4,4.3,482.8,7.0,0.20,16.17,7.8,7.2,116,0.0
James White,3,NE,14,RB,0.11,49.48,3.9,3.8,187.7,2.0,0.64,51.73,7.8,7.2,373,3.0
J.J. Taylor,4,NE,14,RB,0.00,0.00,4.2,4.1,0.0,0.0,0.00,0.00,7.2,6.6,0,0.0
Mac Jones,,NE,14,QB,0.09,40.48,2.1,2.0,80.7,1.0,,,,,,
,,,,,,,,,,,,,,,,
Players,RK,Team,BYE,POS,% ATT,ATT,YPA,YPAA,Rush,TDs,%Ctch,Catch,YPC,YPCA,REC,TDs
New England REC WR,,NE,14,WR,0.01,3.48,5.5,3.8,19.1,0.1,0.51,196.31,12.4,12.6,2438,15.0
Jakobi Meyers,1,NE,14,WR,0.00,1.74,4.7,4.6,8.0,0.1,0.41,80.49,12.6,12.3,988,5.0
Nelson Agholor,2,NE,14,WR,0.00,1.74,6.5,6.4,11.1,0.1,0.24,47.11,14.0,13.7,645,5.0
N'Keal Harry,3,NE,14,WR,0.00,0.00,6.5,6.4,0.0,0.0,0.15,29.45,12.1,11.8,347,2.0
Kendrick Bourne,4,NE,14,WR,0.00,0.00,6.6,6.5,0.0,0.0,0.20,39.26,12.0,11.7,459,3.0
Gunner  Olszewski,5,NE,14,WR,0.00,0.00,6.6,6.5,0.0,0.0,0.00,0.00,15.2,14.9,0,0.0
,,,,,,,,,,,,,,,,
Players,RK,Team,BYE,POS,% ATT,ATT,YPC,YPCA,REC,TDs,%Ctch,Catch,YPC,YPC,REC,TDs
New England REC TE,,NE,14,TE,0.00,0.00,0.0,3.8,0.0,0.0,0.28,107.78,10.7,10.8,1150,10.0
Hunter Henry,1,NE,14,TE,0.00,0.00,8.0,7.9,0.0,0.0,0.54,58.20,11.7,11.1,645,4.5
Jonnu Smith,2,NE,14,TE,0.00,0.00,8.0,7.9,0.0,0.0,0.46,49.58,10.8,10.2,505,5.5
,,,,,,,,,,,,,,,,
,,,,,,,,,,,,,,,,
Players,RK,Team,BYE,POS,%Play,Comp%,Comp,ATT,YPA,Yards,TDs,Ints,Att,Rush,TDs,
New Orleans Passing,,NO,6,QB,100.00,67%,372.5,560.0,7.2,4013.1,27.04,15.00,95,502,2.00,
Jameis Winston,1,NO,6,QB,0.75,67%,279.4,420.0,7.3,3086.6,21.00,12.00,95,502,2.00,
Taysom Hill,2,NO,6,QB,0.25,63%,88.2,140.0,8.0,1120.0,6.00,3.00,50,270,3.00,
,,,,,,,,,,,,,,,,
Players,RK,Team,BYE,POS,% ATT,ATT,YPA,YPAA,Rush,TDs,%Ctch,Catch,YPC,YPCA,REC,TDs
New Orleans Rushing,,NO,6,RB,100.00,474.57,4.6,4.3,2277.9,24.0,0.28,104.31,7.7,7.4,801,3.0
Alvin Kamara,1,NO,6,RB,0.44,208.81,4.6,4.5,938.3,13.0,0.73,76.15,8.7,8.1,617,2.0
Latavius Murray,2,NO,6,RB,0.30,142.37,4.3,4.2,597.0,5.0,0.24,25.03,7.1,6.5,163,1.0
Tony Jones,3,NO,6,RB,0.04,18.98,4.2,4.1,77.7,1.0,0.00,0.00,6.5,5.9,0,0.0
Dwayne Washington,4,NO,6,RB,0.02,9.49,4.0,3.9,37.0,0.0,0.03,3.13,7.3,6.7,21,0.0
Jameis Winston,,NO,6,QB,0.20,94.91,5.4,5.3,502.4,2.0,,,,,,
,,,,,,,,,,,,,,,,
Players,RK,Team,BYE,POS,% ATT,ATT,YPA,YPAA,Rush,TDs,%Ctch,Catch,YPC,YPCA,REC,TDs
New Orleans REC WR,,NO,6,WR,0.03,16.16,7.8,4.1,125.5,0.8,0.57,212.35,12.2,12.6,2583,18.0
Michael Thomas,1,NO,6,WR,0.00,0.95,7.2,7.1,6.7,0.0,0.32,67.95,11.3,11.0,746,6.0
Tre'Quan Smith,2,NO,6,WR,0.00,0.00,6.5,6.4,0.0,0.0,0.22,46.72,12.8,12.5,583,4.0
Marquez Callaway,3,NO,6,WR,0.02,9.50,7.8,7.7,73.1,0.0,0.28,59.46,13.7,13.4,796,5.0
Chris Hogan,4,NO,6,WR,0.01,5.71,8.1,8.0,45.6,0.0,0.13,27.61,12.4,12.1,333,2.0
Deonte Harris,5,NO,6,WR,0.00,0.00,8.2,8.1,0.0,0.0,0.05,10.62,12.1,11.8,125,1.0
,,,,,,,,,,,,,,,,
Players,RK,Team,BYE,POS,% ATT,ATT,YPA,YPAA,Rush,TDs,%Ctch,Catch,YPC,YPC,REC,TDs
New Orleans REC TE,,NO,6,TE,0.00,0.00,0.0,4.1,0.0,0.0,0.15,55.88,11.3,10.8,629,6.0
Adam Trautman,1,NO,6,TE,0.00,0.00,8.0,7.9,0.0,0.0,0.75,41.91,12.8,12.2,511,4.7
Juwan Johnson,2,NO,6,TE,0.00,0.00,8.0,7.9,0.0,0.0,0.25,13.97,9.1,8.5,119,1.2
,,,,,,,,,,,,,,,,
,,,,,,,,,,,,,,,,
Players,RK,Team,BYE,POS,%Play,Comp%,Comp,ATT,YPA,Yards,TDs,Ints,Att,Rush,TDs,
NY Giants Passing,,NYG,10,QB,100.00,65%,376.7,576.5,7.1,4120.2,26.01,13.00,74,412,3.00,
Daniel Jones,1,NYG,10,QB,0.96,65%,361.6,553.5,7.1,3956.6,26.00,12.00,74,412,3.00,
Mike Glennon,2,NYG,10,QB,0.04,59%,13.6,23.1,6.7,154.5,1.04,0.52,0,0,0.00,
,,,,,,,,,,,,,,,,
Players,RK,Team,BYE,POS,% ATT,ATT,YPA,YPAA,Rush,TDs,%Ctch,Catch,YPC,YPCA,REC,TDs
NY Giants Rushing,,NYG,10,RB,100.00,433.32,4.5,4.3,2050.6,14.0,0.18,67.80,7.4,7.4,501,3.0
Saquon Barkley,1,NYG,10,RB,0.58,251.32,4.4,4.3,1079.1,10.0,0.87,58.99,8.2,7.6,448,3.0
Devontae Booker,2,NYG,10,RB,0.22,95.33,4.1,4.0,380.7,1.0,0.10,6.78,6.5,5.9,40,0.0
Gary Brightwell,3,NYG,10,RB,0.03,13.00,4.0,3.9,50.6,0.0,0.03,2.03,7.0,6.4,13,0.0
Dexter Williams,4,NYG,10,RB,0.00,0.00,3.8,3.7,0.0,0.0,0.00,0.00,6.8,6.2,0,0.0
Daniel Jones,,NYG,10,QB,0.17,73.66,5.7,5.6,412.0,3.0,,,,,,
,,,,,,,,,,,,,,,,
Players,RK,Team,BYE,POS,% ATT,ATT,YPA,YPAA,Rush,TDs,%Ctch,Catch,YPC,YPCA,REC,TDs
NY Giants REC WR,,NYG,10,WR,0.04,17.99,7.1,3.9,128.2,0.6,0.59,222.23,12.6,12.6,2791,16.0
Kenny Golladay,1,NYG,10,WR,0.00,0.00,6.5,6.4,0.0,0.0,0.33,73.34,13.7,13.4,981,7.0
Sterling Shepard,2,NYG,10,WR,0.01,6.00,8.1,8.0,47.9,0.0,0.30,66.67,10.3,10.0,665,4.0
Darius Slayton,3,NYG,10,WR,0.00,0.00,7.1,7.0,0.0,0.0,0.24,53.34,14.8,14.5,772,4.0
Kadarius Toney,4,NYG,10,WR,0.03,12.00,6.8,6.7,80.3,0.2,0.13,28.89,13.2,12.9,372,1.0
John Ross,5,NYG,10,WR,0.00,0.00,5.3,5.2,0.0,0.0,0.00,0.00,14.3,14.0,0,0.0
,,,,,,,,,,,,,,,,
Players,RK,Team,BYE,POS,% ATT,ATT,YPA,YPAA,Rush,TDs,%Ctch,Catch,YPC,YPCA,REC,TDs
NY Giants REC TE,,NYG,10,TE,0.00,0.00,0.0,3.9,0.0,0.0,0.23,86.63,9.6,10.8,828,7.0
Evan Engram,1,NYG,10,TE,0.00,0.00,8.0,7.9,0.0,0.0,0.57,49.38,10.6,10.0,493,4.0
Kyle Rudolph,2,NYG,10,TE,0.00,0.00,8.0,7.9,0.0,0.0,0.43,37.25,9.6,9.0,335,3.0
,,,,,,,,,,,,,,,,
,,,,,,,,,,,,,,,,
Players,RK,Team,BYE,POS,%Play,Comp%,Comp,ATT,YPA,Yards,TDs,Ints,Att,Rush,TDs,
NY Jets Passing,,NYJ,6,QB,100.00,62%,339.5,543.5,6.6,3607.7,21.89,12.00,56,185,2.00,
Zach Wilson,1,NYJ,6,QB,0.95,62%,322.6,516.3,6.8,3510.5,21.00,11.10,56,185,2.00,
Mike White,2,NYJ,6,QB,0.05,60%,16.3,27.2,6.8,184.8,1.09,0.60,0,0,0.00,
,,,,,,,,,,,,,,,,
Players,RK,Team,BYE,POS,% ATT,ATT,YPA,YPAA,Rush,TDs,%Ctch,Catch,YPC,YPCA,REC,TDs
NY Jets Rushing,,NYJ,6,RB,100.00,400.32,4.3,4.3,1724.3,11.0,0.18,61.12,6.6,7.4,406,3.0
Michael Carter,1,NYJ,6,RB,0.44,176.14,4.2,4.1,721.0,5.0,0.40,24.45,7.2,6.6,161,2.0
Tevin Coleman,2,NYJ,6,RB,0.37,148.12,3.9,3.8,561.9,4.0,0.42,25.67,7.7,7.1,182,1.0
La'Mical Perine,3,NYJ,6,RB,0.10,40.03,3.9,3.8,151.9,0.0,0.10,6.11,6.1,5.5,34,0.0
Ty Johnson,4,NYJ,6,RB,0.05,20.02,4.3,4.2,83.9,0.0,0.08,4.89,6.4,5.8,28,0.0
Zach Wilson,,NYJ,6,QB,0.14,56.04,3.4,3.3,184.6,2.0,,,,,,
,,,,,,,,,,,,,,,,
Players,RK,Team,BYE,POS,% ATT,ATT,YPA,YPAA,Rush,TDs,%Ctch,Catch,YPC,YPCA,REC,TDs
NY Jets REC WR,,NYJ,6,WR,0.01,3.01,7.0,3.8,21.0,0.1,0.68,230.89,12.0,12.6,2780,16.0
Corey Davis,1,NYJ,6,WR,0.01,2.00,7.8,7.7,15.4,0.0,0.31,71.58,13.0,12.7,908,6.0
Jamison Crowder,2,NYJ,6,WR,0.00,1.00,5.7,5.6,5.6,0.0,0.30,69.27,11.3,11.0,761,5.0
Elijah Moore,3,NYJ,6,WR,0.00,0.00,9.7,9.6,0.0,0.0,0.21,48.49,12.2,11.9,576,3.0
Denzel Mims,4,NYJ,6,WR,0.00,0.00,7.1,7.0,0.0,0.0,0.07,16.16,14.0,13.7,221,1.0
Keelan Cole,5,NYJ,6,WR,0.00,0.00,5.3,5.2,0.0,0.0,0.11,25.40,12.7,12.4,314,1.0
,,,,,,,,,,,,,,,,
Players,RK,Team,BYE,POS,% ATT,ATT,YPA,YPAA,Rush,TDs,%Ctch,Catch,YPC,YPCA,REC,TDs
NY Jets REC TE,,NYJ,6,TE,0.00,0.00,0.0,3.8,0.0,0.0,0.14,47.54,8.9,10.8,422,3.0
Tyle Kroft,1,NYJ,6,TE,0.00,0.00,8.0,7.9,0.0,0.0,0.70,33.28,9.5,8.9,296,2.0
Ryan Griffin,2,NYJ,6,TE,0.00,0.00,8.0,7.9,0.0,0.0,0.30,14.26,9.5,8.9,127,1.0
,,,,,,,,,,,,,,,,
,,,,,,,,,,,,,,,,
Players,RK,Team,BYE,POS,%Play,Comp%,Comp,ATT,YPA,Yards,TDs,Ints,Att,Rush,TDs,
Philadelphia Passing,,PHI,14,QB,100.00,60%,347.8,576.5,6.7,3850.8,23.54,13.00,159,748,7.00,
Jalen Hurts,1,PHI,14,QB,0.97,60%,337.4,559.2,6.5,3634.3,23.00,12.00,159,748,7.00,
Gardner Minshew,2,PHI,14,QB,0.03,61%,10.6,17.3,6.8,117.6,0.71,0.39,0,0,0.00,
,,,,,,,,,,,,,,,,
Players,RK,Team,BYE,POS,% ATT,ATT,YPA,YPAA,Rush,TDs,%Ctch,Catch,YPC,YPCA,REC,TDs
Philadelphia Rushing,,PHI,14,RB,100.00,482.82,4.5,4.3,2207.9,20.0,0.22,76.51,7.6,7.4,580,3.0
Miles Sanders,1,PHI,14,RB,0.45,217.27,4.7,4.6,998.0,10.0,0.65,49.73,8.2,7.6,378,2.0
Boston Scott,2,PHI,14,RB,0.14,67.59,4.0,3.9,263.2,2.0,0.22,16.83,7.9,7.3,123,1.0
Kenneth Gainwell,3,PHI,14,RB,0.08,38.63,4.3,4.2,162.0,1.0,0.13,9.95,8.5,7.9,79,0.8
Jordan Howard,4,PHI,14,RB,0.00,0.00,4.2,4.1,0.0,0.0,0.00,0.00,7.8,7.2,0,0.0
Jalen Hurts,,PHI,14,QB,0.33,159.33,4.8,4.7,747.8,7.0,,,,,,
,,,,,,,,,,,,,,,,
Players,RK,Team,BYE,POS,% ATT,ATT,YPA,YPAA,Rush,TDs,%Ctch,Catch,YPC,YPCA,REC,TDs
Philadelphia REC WR,,PHI,14,WR,0.01,5.15,7.2,4.2,36.9,0.2,0.43,149.55,13.6,12.6,2029,12.0
DeVonta Smith,1,PHI,14,WR,0.01,4.00,7.8,7.7,30.7,0.0,0.47,70.29,14.6,14.3,1004,6.0
Jalen Reagor,2,PHI,14,WR,0.00,0.00,6.2,6.1,0.0,0.0,0.32,47.86,13.0,12.7,607,4.0
Quez Watkins,3,PHI,14,WR,0.00,0.00,6.1,6.0,0.0,0.0,0.15,22.43,15.6,15.3,343,2.0
Greg Ward,4,PHI,14,WR,0.00,1.16,5.4,5.3,6.1,0.0,0.06,8.97,8.7,8.4,75,0.0
J.J. Arcega-Whiteside,5,PHI,14,WR,0.00,0.00,6.1,6.0,0.0,0.0,0.00,0.00,14.7,14.4,0,0.0
,,,,,,,,,,,,,,,,
Players,RK,Team,BYE,POS,% ATT,ATT,YPA,YPAA,Rush,TDs,%Ctch,Catch,YPC,YPCA,REC,TDs
Philadelphia REC TE,,PHI,14,TE,0.00,0.00,0.0,4.2,0.0,0.0,0.35,121.73,10.2,10.8,1243,8.0
Dallas Goedert,1,PHI,14,TE,0.00,0.00,8.0,7.9,0.0,0.0,0.52,63.30,11.4,10.8,683,4.0
Zach Ertz,2,PHI,14,TE,0.00,0.00,8.0,7.9,0.0,0.0,0.48,58.43,10.2,9.6,560,4.0
,,,,,,,,,,,,,,,,
,,,,,,,,,,,,,,,,
Players,RK,Team,BYE,POS,%Play,Comp%,Comp,ATT,YPA,Yards,TDs,Ints,Att,Rush,TDs,
Pittsburgh Passing,,PIT,7,QB,100.00,65%,409.7,626.0,7.2,4512.3,33.23,13.00,32,38,1.00,
Ben Roethlisberger,1,PIT,7,QB,0.95,65%,389.2,594.7,7.2,4311.0,33.00,12.00,32,38,1.00,
Mason Rudolph,2,PIT,7,QB,0.05,61%,19.1,31.3,7.2,225.4,1.66,0.65,0,0,0.00,
,,,,,,,,,,,,,,,,
Players,RK,Team,BYE,POS,% ATT,ATT,YPA,YPAA,Rush,TDs,%Ctch,Catch,YPC,YPCA,REC,TDs
Pittsburgh Rushing,,PIT,7,RB,100.00,400.32,3.9,4.3,1584.5,12.0,0.15,61.45,7.4,7.4,456,2.0
Najee Harris,1,PIT,7,RB,0.65,260.21,4.3,4.2,1091.2,10.0,0.75,46.09,8.3,7.7,355,2.0
Benny Snell,2,PIT,7,RB,0.19,76.06,4.0,3.9,296.1,1.0,0.15,9.22,6.9,6.3,58,0.0
Anthony McFarland,3,PIT,7,RB,0.06,24.02,4.3,4.2,100.7,0.0,0.06,3.69,8.1,7.5,28,0.0
Kalen Ballage,4,PIT,7,RB,0.02,8.01,4.0,3.9,31.2,0.0,0.04,2.46,6.8,6.2,15,0.0
Ben Roethlisberger,,PIT,7,QB,0.08,32.03,1.3,1.2,38.2,1.0,,,,,,
,,,,,,,,,,,,,,,,
Players,RK,Team,BYE,POS,% ATT,ATT,YPA,YPAA,Rush,TDs,%Ctch,Catch,YPC,YPCA,REC,TDs
Pittsburgh REC WR,,PIT,7,WR,0.01,4.00,6.8,4.2,27.1,0.1,0.66,270.38,12.0,12.6,3257,22.0
Juju Smith-Schuster,1,PIT,7,WR,0.00,1.00,7.1,7.0,7.0,0.0,0.32,86.52,11.0,10.7,924,7.0
Diontae Johnson,2,PIT,7,WR,0.01,3.00,6.8,6.7,20.1,0.0,0.31,83.82,11.5,11.2,937,6.0
Chase Claypool,3,PIT,7,WR,0.00,0.00,8.9,8.8,0.0,0.0,0.27,73.00,14.3,14.0,1021,7.0
James Washington,4,PIT,7,WR,0.00,0.00,5.4,5.3,0.0,0.0,0.10,27.04,14.2,13.9,375,2.0
Ray-Ray McCloud,5,PIT,7,WR,0.00,0.00,6.1,6.0,0.0,0.0,0.00,0.00,9.8,9.5,0,0.0
,,,,,,,,,,,,,,,,
Players,RK,Team,BYE,POS,% ATT,ATT,YPA,YPAA,Rush,TDs,%Ctch,Catch,YPC,YPCA,REC,TDs
Pittsburgh REC TE,,PIT,7,TE,0.00,0.00,0.0,4.2,0.0,0.0,0.19,77.84,10.3,10.8,799,7.0
Eric Ebron,1,PIT,7,TE,0.00,0.00,8.0,7.9,0.0,0.0,0.65,50.59,10.5,9.9,500,4.5
Pat Freiermuth,2,PIT,7,TE,0.00,0.00,8.0,7.9,0.0,0.0,0.35,27.24,11.6,11.0,299,2.5
,,,,,,,,,,,,,,,,
,,,,,,,,,,,,,,,,
Players,RK,Team,BYE,POS,%Play,Comp%,Comp,ATT,YPA,Yards,TDs,Ints,Att,Rush,TDs,
San Francisco Passing,,SF,6,QB,100.00,68%,360.2,527.0,7.9,4157.8,27.04,12.00,90,503,5.00,
Trey Lance,1,SF,6,QB,0.75,68%,270.1,395.3,8.0,3181.4,21.00,9.00,90,503,5.00,
Jimmy Garoppolo,2,SF,6,QB,0.25,63%,83.0,131.8,7.4,975.0,6.76,3.00,0,0,0.00,
,,,,,,,,,,,,,,,,
Players,RK,Team,BYE,POS,% ATT,ATT,YPA,YPAA,Rush,TDs,%Ctch,Catch,YPC,YPCA,REC,TDs
San Francisco Rushing,,SF,6,RB,100.00,499.32,5.0,4.3,2607.9,22.1,0.22,79.24,8.3,7.4,656,6.0
Trey Sermon,1,SF,6,RB,0.42,209.71,4.6,4.5,942.3,10.0,0.35,27.73,8.1,7.5,208,3.0
Raheem Mostert,2,SF,6,RB,0.30,149.80,5.0,4.9,733.0,5.0,0.21,16.64,9.7,9.1,151,1.0
Wayne Gallman,3,SF,6,RB,0.09,44.94,4.1,4.0,179.5,1.0,0.17,13.47,7.2,6.6,89,0.0
Kyle Juszczyk,4,SF,6,RB,0.01,4.99,3.7,3.6,17.9,1.0,0.27,21.39,10.3,9.7,208,2.0
Trey Lance,,SF,6,QB,0.18,89.88,5.7,5.6,502.7,5.0,,,,,,
,,,,,,,,,,,,,,,,
Players,RK,Team,BYE,POS,% ATT,ATT,YPA,YPAA,Rush,TDs,%Ctch,Catch,YPC,YPCA,REC,TDs
San Francisco REC WR,,SF,6,WR,0.05,25.00,9.3,4.0,232.4,1.1,0.50,180.08,12.9,12.6,2320,13.0
Deebo Samuel,1,SF,6,WR,0.03,15.00,9.8,9.7,145.4,1.0,0.42,75.64,13.8,13.5,1020,6.0
Brandon Aiyuk,2,SF,6,WR,0.02,10.00,8.8,8.7,86.9,0.5,0.41,73.83,13.3,13.0,958,6.0
Mohamed Sanu,3,SF,6,WR,0.00,0.00,6.2,6.1,0.0,0.0,0.13,23.41,10.8,10.5,245,1.0
Trent Sherfield,4,SF,6,WR,0.00,0.00,6.2,6.1,0.0,0.0,0.04,7.20,13.8,13.5,97,0.0
Jalen Hurd,5,SF,6,WR,0.00,0.00,4.7,4.6,0.0,0.0,0.00,0.00,11.9,11.6,0,0.0
,,,,,,,,,,,,,,,,
Players,RK,Team,BYE,POS,% ATT,ATT,YPA,YPAA,Rush,TDs,%Ctch,Catch,YPC,YPCA,REC,TDs
San Francisco REC TE,,SF,6,TE,0.00,0.00,0.0,4.0,0.0,0.0,0.28,100.85,11.7,10.8,1181,8.0
George Kittle,1,SF,6,TE,0.00,0.00,8.0,7.9,0.0,0.0,0.82,82.69,12.6,12.0,991,7.0
Ross Dwelley,2,SF,6,TE,0.00,0.00,8.0,7.9,0.0,0.0,0.18,18.15,11.1,10.5,190,1.0
,,,,,,,,,,,,,,,,
,,,,,,,,,,,,,,,,
Players,RK,Team,BYE,POS,%Play,Comp%,Comp,ATT,YPA,Yards,TDs,Ints,Att,Rush,TDs,
Seattle Passing,,SEA,9,QB,100.00,67%,375.8,560.0,7.9,4424.6,35.29,10.00,82,444,3.00,
Russell Wilson,1,SEA,9,QB,0.98,67%,368.3,548.8,8.0,4417.3,35.00,9.00,82,444,3.00,
Geno Smith,2,SEA,9,QB,0.02,60%,6.7,11.2,7.0,78.4,0.71,0.20,0,0,0.00,
,,,,,,,,,,,,,,,,
Players,RK,Team,BYE,POS,% ATT,ATT,YPA,YPAA,Rush,TDs,%Ctch,Catch,YPC,YPCA,REC,TDs
Seattle Rushing,,SEA,9,RB,100.00,433.32,4.5,4.3,1969.4,14.0,0.19,71.41,7.0,7.4,501,5.0
Chris Carson,1,SEA,9,RB,0.53,229.66,4.3,4.2,963.1,7.0,0.61,43.56,7.4,6.8,296,4.0
Rashaad Penny,2,SEA,9,RB,0.24,104.00,4.5,4.4,456.9,4.0,0.25,17.85,8.4,7.8,139,1.0
Deejay Dallas,3,SEA,9,RB,0.04,17.33,4.1,4.0,69.2,0.0,0.14,10.00,7.1,6.5,65,0.0
Alex Collins,4,SEA,9,RB,0.00,0.00,3.9,3.8,0.0,0.0,0.00,0.00,7.2,6.6,0,0.0
Russell Wilson,,SEA,9,QB,0.19,82.33,5.5,5.4,444.0,3.0,,,,,,
,,,,,,,,,,,,,,,,
Players,RK,Team,BYE,POS,% ATT,ATT,YPA,YPAA,Rush,TDs,%Ctch,Catch,YPC,YPCA,REC,TDs
Seattle REC WR,,SEA,9,WR,0.01,6.01,6.0,4.0,36.2,0.2,0.61,229.26,13.5,12.6,3098,22.0
DK Metcalf,1,SEA,9,WR,0.00,2.00,7.8,7.7,15.4,0.0,0.42,96.29,15.2,14.9,1433,11.0
Tyler Lockett,2,SEA,9,WR,0.01,4.00,5.3,5.2,20.8,0.0,0.43,98.58,12.4,12.1,1191,9.0
Freddie Swain,3,SEA,9,WR,0.00,0.00,6.5,6.4,0.0,0.0,0.10,22.93,13.3,13.0,298,1.0
D'Wayne Eskridge,4,SEA,9,WR,0.00,0.00,5.8,5.7,0.0,0.0,0.03,6.88,17.7,17.4,120,0.5
John Ursua,5,SEA,9,WR,0.00,0.00,4.7,4.6,0.0,0.0,0.02,4.59,12.7,12.4,57,0.5
,,,,,,,,,,,,,,,,
Players,Rank,Team,BYE,POS,% ATT,ATT,YPA,YPAA,Rush,TDs,%Ctch,Catch,YPC,YPCA,REC,TDs
Seattle REC TE,,SEA,9,TE,0.00,0.00,0.0,4.0,0.0,0.0,0.20,75.17,11.0,10.8,827,8.0
Gerald Everett,1,SEA,9,TE,0.00,0.00,8.0,7.9,0.0,0.0,0.70,52.62,11.7,11.1,583,5.0
Will Dissly,2,SEA,9,TE,0.00,0.00,8.0,7.9,0.0,0.0,0.30,22.55,11.4,10.8,243,3.0
,,,,,,,,,,,,,,,,
,,,,,,,,,,,,,,,,
Players,RK,Team,BYE,POS,%Play,Comp%,Comp,ATT,YPA,Yards,TDs,Ints,Att,Rush,TDs,
Tampa Bay Passing,,TB,9,QB,100.00,66%,413.8,626.0,7.7,4824.3,35.46,11.00,28,19,2.00,
Tom Brady,1,TB,9,QB,0.98,66%,405.5,613.5,7.8,4815.2,35.00,10.00,28,19,2.00,
Blaine Gabbert,2,TB,9,QB,0.02,61%,7.6,12.5,7.3,91.4,0.71,0.22,0,0,0.00,
,,,,,,,,,,,,,,,,
Players,RK,Team,BYE,POS,% ATT,ATT,YPA,YPAA,Rush,TDs,%Ctch,Catch,YPC,YPCA,REC,TDs
Tampa Bay Rushing,,TB,9,RB,100.00,400.32,3.8,4.3,1547.2,16.0,0.20,82.76,6.7,7.4,550,3.0
Ronald Jones,1,TB,9,RB,0.53,212.17,4.3,4.2,889.7,8.0,0.23,19.03,7.2,6.6,126,1.0
Leonard Fournette,2,TB,9,RB,0.31,124.10,4.0,3.9,483.2,5.0,0.18,14.90,6.5,5.9,88,0.0
Giovani Bernard,3,TB,9,RB,0.09,36.03,3.6,3.5,125.9,1.0,0.59,48.83,7.5,6.9,337,2.0
Ke'Shawn Vaughn,4,TB,9,RB,0.00,0.00,4.0,3.9,0.0,0.0,0.00,0.00,7.7,7.1,0,0.0
Tom Brady,,TB,9,QB,0.07,28.02,0.8,0.7,19.4,2.0,,,,,,
,,,,,,,,,,,,,,,,
Players,RK,Team,BYE,POS,% ATT,ATT,YPA,YPAA,Rush,TDs,%Ctch,Catch,YPC,YPCA,REC,TDs
Tampa Bay REC WR,,TB,9,WR,0.01,5.00,5.8,3.5,29.0,0.2,0.60,248.28,12.9,12.6,3198,22.0
Chris Godwin,1,TB,9,WR,0.00,0.00,6.4,6.3,0.0,0.0,0.35,86.90,13.0,12.7,1102,8.0
Mike Evans,2,TB,9,WR,0.00,0.00,5.4,5.3,0.0,0.0,0.29,72.00,14.4,14.1,1014,8.0
Antonio Brown,3,TB,9,WR,0.01,2.00,6.2,6.1,12.2,0.0,0.27,67.03,12.5,12.2,816,5.0
Scotty Miller,4,TB,9,WR,0.01,3.00,5.7,5.6,16.8,0.0,0.09,22.34,12.2,11.9,265,1.0
Tyler Johnson,5,TB,9,WR,0.00,0.00,5.1,5.0,0.0,0.0,0.00,0.00,13.6,13.3,0,0.0
,,,,,,,,,,,,,,,,
Players,RK,Team,BYE,POS,% ATT,ATT,YPA,YPAA,Rush,TDs,%Ctch,Catch,YPC,YPC,REC,TDs
Tampa Bay REC TE,,TB,9,TE,0.00,0.00,0.0,3.5,0.0,0.0,0.20,82.76,13.0,10.8,1076,10.0
Rob Gronkowski,1,TB,9,TE,0.00,0.00,8.0,7.9,0.0,0.0,0.55,45.52,13.8,13.2,600,7.0
O.J. Howard,2,TB,9,TE,0.00,0.00,8.0,7.9,0.0,0.0,0.45,37.24,13.4,12.8,476,3.0
,,,,,,,,,,,,,,,,
,,,,,,,,,,,,,,,,
Players,RK,Team,BYE,POS,%Play,Comp%,Comp,ATT,YPA,Yards,TDs,Ints,Att,Rush,TDs,
Tennessee Passing,,TEN,13,QB,100.00,66%,335.4,510.5,8.2,4179.7,27.04,11.00,45,197,4.00,
Ryan Tannehill,1,TEN,13,QB,0.97,66%,325.4,495.2,8.3,4109.6,27.00,10.00,45,197,4.00,
DeShone Kizer,2,TEN,13,QB,0.03,60%,9.2,15.3,6.7,102.6,0.81,0.33,0,0,0.00,
,,,,,,,,,,,,,,,,
Players,RK,Team,BYE,POS,% ATT,ATT,YPA,YPAA,Rush,TDs,%Ctch,Catch,YPC,YPCA,REC,TDs
Tennessee Rushing,,TEN,13,RB,100.00,499.32,4.8,4.3,2393.7,20.0,0.15,50.31,8.1,7.4,409,2.0
Derrick Henry,1,TEN,13,RB,0.75,374.49,5.0,4.9,1832.6,15.0,0.53,26.67,9.8,9.2,245,1.0
Darrynton Evans,2,TEN,13,RB,0.11,54.93,4.3,4.2,230.3,1.0,0.31,15.60,7.6,7.0,109,1.0
Jeremy McNichols,3,TEN,13,RB,0.05,24.97,4.2,4.1,102.2,0.0,0.16,8.05,7.4,6.8,55,0.0
Mekhi Sargent,4,TEN,13,RB,0.00,0.00,3.7,3.6,0.0,0.0,0.00,0.00,6.7,6.1,0,0.0
Ryan Tannehill,,TEN,13,QB,0.09,44.94,4.5,4.4,197.4,4.0,,,,,,
,,,,,,,,,,,,,,,,
Players,RK,Team,BYE,POS,% ATT,ATT,YPA,YPAA,Rush,TDs,%Ctch,Catch,YPC,YPCA,REC,TDs
Tennessee REC WR,,TEN,13,WR,0.01,4.00,7.8,4.1,31.2,0.2,0.65,218.02,14.0,12.6,3062,19.0
Julio Jones,1,TEN,13,WR,0.00,0.00,7.2,7.1,0.0,0.0,0.39,85.03,14.4,14.1,1197,7.0
A.J. Brown,2,TEN,13,WR,0.01,4.00,7.9,7.8,31.2,0.0,0.36,78.49,15.2,14.9,1168,9.0
Josh Reynolds,3,TEN,13,WR,0.00,0.00,5.1,5.0,0.0,0.0,0.20,43.60,12.3,12.0,522,3.0
Dez Fitzpatrick,4,TEN,13,WR,0.00,0.00,4.7,4.6,0.0,0.0,0.05,10.90,16.3,16.0,174,0.0
Cameron Batson,5,TEN,13,WR,0.00,0.00,5.1,5.0,0.0,0.0,0.00,0.00,10.7,10.4,0,0.0
,,,,,,,,,,,,,,,,
Players,RK,Team,BYE,POS,% ATT,ATT,YPA,YPAA,Rush,TDs,%Ctch,Catch,YPC,YPCA,REC,TDs
Tennesee REC TE,,TEN,13,TE,0.00,0.00,0.0,4.1,0.0,0.0,0.20,67.08,10.6,10.8,709,6.0
Anthony Firkser,1,TEN,13,TE,0.00,0.00,8.0,7.9,0.0,0.0,0.80,53.67,11.6,11.0,590,5.0
Geoff Swain,2,TEN,13,TE,0.00,0.00,8.0,7.9,0.0,0.0,0.20,13.42,9.5,8.9,119,1.0
,,,,,,,,,,,,,,,,
,,,,,,,,,,,,,,,,
Players,RK,Team,BYE,POS,%Play,Comp%,Comp,ATT,YPA,Yards,TDs,Ints,Att,Rush,TDs,
Washington Passing ,,WAS,9,QB,100.00,64%,368.4,576.5,6.5,3771.7,22.92,14.00,50,200,2.00,
Ryan Fitzpatrick,1,WAS,9,QB,0.94,64%,346.3,541.9,6.5,3549.0,23.00,13.00,50,200,2.00,
Taylor Heinicke,2,WAS,9,QB,0.06,60%,20.8,34.6,6.5,224.8,1.37,0.84,0,0,0.00,
,,,,,,,,,,,,,,,,
Players,RK,Team,BYE,POS,% ATT,ATT,YPA,YPAA,Rush,TDs,%Ctch,Catch,YPC,YPCA,REC,TDs
Washington Rushing,,WAS,9,RB,100.00,416.82,4.0,4.3,1791.3,12.0,0.30,110.53,7.0,7.4,772,3.0
Antonio Gibson,1,WAS,9,RB,0.67,279.27,4.5,4.4,1227.0,10.0,0.48,53.05,7.9,7.3,387,2.0
J.D. McKissic,2,WAS,9,RB,0.15,62.52,4.3,4.2,262.2,0.0,0.52,57.47,7.3,6.7,385,1.0
Jaret Patterson,3,WAS,9,RB,0.06,25.01,4.2,4.1,102.4,0.0,0.00,0.00,7.2,6.6,0,0.0
0,4,WAS,9,RB,0.00,0.00,3.7,3.6,0.0,0.0,0.00,0.00,6.5,5.9,0,0.0
Ryan Fitzpatrick,,WAS,9,QB,0.12,50.02,4.1,4.0,199.7,2.0,,,,,,
,,,,,,,,,,,,,,,,
Players,RK,Team,BYE,POS,% ATT,ATT,YPA,YPAA,Rush,TDs,%Ctch,Catch,YPC,YPCA,REC,TDs
Washington REC WR ,,WAS,9,WR,0.06,27.00,5.6,4.1,149.9,0.8,0.50,184.21,12.3,12.6,2274,15.0
Terry McLaurin,1,WAS,9,WR,0.00,2.00,8.9,8.8,17.6,0.0,0.50,92.10,13.9,13.6,1251,8.0
Curtis Samuel,2,WAS,9,WR,0.06,25.00,5.4,5.3,132.3,1.0,0.33,60.79,11.2,10.9,661,6.0
Adam Humphries,3,WAS,9,WR,0.00,0.00,6.2,6.1,0.0,0.0,0.12,22.11,10.3,10.0,221,1.0
Antonio Gandy-Golden,4,WAS,9,WR,0.00,0.00,4.7,4.6,0.0,0.0,0.00,0.00,13.7,13.4,0,0.0
Dyami Brown,5,WAS,9,WR,0.00,0.00,5.1,5.0,0.0,0.0,0.05,9.21,15.7,15.4,142,0.0
,,,,,,,,,,,,,,,,
Players,RK,Team,BYE,POS,% ATT,ATT,YPA,YPAA,Rush,TDs,%Ctch,Catch,YPC,YPCA,REC,TDs
Washington REC TE,,WAS,9,TE,0.00,0.00,0.0,4.1,0.0,0.0,0.20,73.68,9.8,10.8,725,5.0
Logan Thomas,1,WAS,9,TE,0.00,0.00,8.0,7.9,0.0,0.0,0.84,61.89,10.1,9.5,587,5.0
Ricky Seals-Jones,2,WAS,9,TE,0.00,0.00,8.0,7.9,0.0,0.0,0.16,11.79,12.3,11.7,138,0.0
